origin,Year,RoundNumber,snapshot,source,DriverId,p_model,p_market,p_baseline,p_uniform,market_raw,raw_total,listed,spread,age_min,grid_position,won
backfill,2025,2,pre_weekend,kalshi,piastri,0.13925,0.20561,0.0005,0.05,0.22,1.0,True,0.04,30.0,1.0,1
backfill,2025,2,pre_weekend,kalshi,norris,0.503,0.4486,0.0,0.05,0.48,1.0,True,0.04,30.0,3.0,0
backfill,2025,2,pre_weekend,kalshi,russell,0.06625,0.02336,0.00025,0.05,0.025,1.0,True,0.03,450.0,2.0,0
backfill,2025,2,pre_weekend,kalshi,max_verstappen,0.1465,0.20561,0.0095,0.05,0.22,1.0,True,0.04,30.0,4.0,0
backfill,2025,2,pre_weekend,kalshi,ocon,0.0,0.00467,0.0,0.05,0.005,1.0,False,,,11.0,0
backfill,2025,2,pre_weekend,kalshi,antonelli,0.0005,0.00467,0.0,0.05,0.005,1.0,False,,,8.0,0
backfill,2025,2,pre_weekend,kalshi,albon,0.008,0.00467,0.0,0.05,0.005,1.0,False,,,10.0,0
backfill,2025,2,pre_weekend,kalshi,bearman,0.0,0.00467,0.0,0.05,0.005,1.0,False,,,17.0,0
backfill,2025,2,pre_weekend,kalshi,stroll,0.0,0.00467,0.0,0.05,0.005,1.0,False,,,14.0,0
backfill,2025,2,pre_weekend,kalshi,sainz,0.00275,0.00467,0.0,0.05,0.005,1.0,False,,,15.0,0
backfill,2025,2,pre_weekend,kalshi,hadjar,0.0,0.00467,0.0,0.05,0.005,1.0,False,,,7.0,0
backfill,2025,2,pre_weekend,kalshi,lawson,0.0065,0.00467,0.00775,0.05,0.005,1.0,False,,,20.0,0
backfill,2025,2,pre_weekend,kalshi,doohan,0.0,0.00467,0.0,0.05,0.005,1.0,False,,,18.0,0
backfill,2025,2,pre_weekend,kalshi,bortoleto,0.0,0.00467,0.0,0.05,0.005,1.0,False,,,19.0,0
backfill,2025,2,pre_weekend,kalshi,hulkenberg,0.0,0.00467,0.0,0.05,0.005,1.0,False,,,12.0,0
backfill,2025,2,pre_weekend,kalshi,tsunoda,0.00175,0.00467,0.0,0.05,0.005,1.0,False,,,9.0,0
backfill,2025,2,pre_weekend,kalshi,alonso,0.00325,0.00467,0.0,0.05,0.005,1.0,False,,,13.0,0
backfill,2025,2,pre_weekend,kalshi,leclerc,0.08075,0.02804,0.49025,0.05,0.03,1.0,True,0.04,90.0,6.0,0
backfill,2025,2,pre_weekend,kalshi,hamilton,0.03925,0.02336,0.49175,0.05,0.025,1.0,True,0.03,450.0,5.0,0
backfill,2025,2,pre_weekend,kalshi,gasly,0.00225,0.00467,0.0,0.05,0.005,1.0,False,,,16.0,0
backfill,2025,3,pre_weekend,kalshi,max_verstappen,0.0845,0.11374,0.0,0.05,0.12,0.995,True,0.02,90.0,1.0,1
backfill,2025,3,pre_weekend,kalshi,norris,0.4745,0.34597,0.492,0.05,0.365,0.995,True,0.01,90.0,2.0,0
backfill,2025,3,pre_weekend,kalshi,piastri,0.14075,0.2891,0.49475,0.05,0.305,0.995,True,0.03,90.0,3.0,0
backfill,2025,3,pre_weekend,kalshi,leclerc,0.093,0.04739,0.00675,0.05,0.05,0.995,True,0.04,210.0,4.0,0
backfill,2025,3,pre_weekend,kalshi,russell,0.126,0.04739,0.0,0.05,0.05,0.995,True,0.04,30.0,5.0,0
backfill,2025,3,pre_weekend,kalshi,antonelli,0.00325,0.01422,0.0,0.05,0.015,0.995,True,0.01,210.0,6.0,0
backfill,2025,3,pre_weekend,kalshi,hamilton,0.04025,0.04739,0.0065,0.05,0.05,0.995,True,0.04,150.0,8.0,0
backfill,2025,3,pre_weekend,kalshi,hadjar,0.0005,0.00474,0.0,0.05,0.005,0.995,False,,,7.0,0
backfill,2025,3,pre_weekend,kalshi,albon,0.00325,0.00474,0.0,0.05,0.005,0.995,False,,,9.0,0
backfill,2025,3,pre_weekend,kalshi,bearman,0.0,0.00474,0.0,0.05,0.005,0.995,False,,,10.0,0
backfill,2025,3,pre_weekend,kalshi,alonso,0.00425,0.00474,0.0,0.05,0.005,0.995,False,,,12.0,0
backfill,2025,3,pre_weekend,kalshi,tsunoda,0.02675,0.03791,0.0,0.05,0.04,0.995,True,,90.0,14.0,0
backfill,2025,3,pre_weekend,kalshi,gasly,0.001,0.00474,0.0,0.05,0.005,0.995,False,,,11.0,0
backfill,2025,3,pre_weekend,kalshi,sainz,0.0015,0.00474,0.0,0.05,0.005,0.995,False,,,15.0,0
backfill,2025,3,pre_weekend,kalshi,doohan,0.0,0.00474,0.0,0.05,0.005,0.995,False,,,19.0,0
backfill,2025,3,pre_weekend,kalshi,hulkenberg,0.00025,0.00474,0.0,0.05,0.005,0.995,False,,,16.0,0
backfill,2025,3,pre_weekend,kalshi,lawson,0.0,0.00474,0.0,0.05,0.005,0.995,False,,,13.0,0
backfill,2025,3,pre_weekend,kalshi,ocon,0.0,0.00474,0.0,0.05,0.005,0.995,False,,,18.0,0
backfill,2025,3,pre_weekend,kalshi,bortoleto,0.0,0.00474,0.0,0.05,0.005,0.995,False,,,17.0,0
backfill,2025,3,pre_weekend,kalshi,stroll,0.00025,0.00474,0.0,0.05,0.005,0.995,False,,,20.0,0
backfill,2025,5,pre_weekend,kalshi,piastri,0.164,0.37321,0.4915,0.05,0.39,0.975,True,0.04,330.0,2.0,1
backfill,2025,5,pre_weekend,kalshi,max_verstappen,0.08725,0.07656,0.0,0.05,0.08,0.975,True,0.04,330.0,1.0,0
backfill,2025,5,pre_weekend,kalshi,leclerc,0.09475,0.04785,0.008,0.05,0.05,0.975,True,0.02,330.0,4.0,0
backfill,2025,5,pre_weekend,kalshi,norris,0.44275,0.34928,0.49075,0.05,0.365,0.975,True,0.03,330.0,10.0,0
backfill,2025,5,pre_weekend,kalshi,russell,0.12875,0.0622,0.00025,0.05,0.065,0.975,True,0.03,330.0,3.0,0
backfill,2025,5,pre_weekend,kalshi,antonelli,0.01375,0.00478,0.0,0.05,0.005,0.975,False,,,5.0,0
backfill,2025,5,pre_weekend,kalshi,hamilton,0.03775,0.02392,0.0095,0.05,0.025,0.975,True,0.03,330.0,7.0,0
backfill,2025,5,pre_weekend,kalshi,sainz,0.002,0.00478,0.0,0.05,0.005,0.975,False,,,6.0,0
backfill,2025,5,pre_weekend,kalshi,albon,0.00375,0.00478,0.0,0.05,0.005,0.975,False,,,11.0,0
backfill,2025,5,pre_weekend,kalshi,hadjar,0.0005,0.00478,0.0,0.05,0.005,0.975,False,,,14.0,0
backfill,2025,5,pre_weekend,kalshi,alonso,0.001,0.00478,0.0,0.05,0.005,0.975,False,,,13.0,0
backfill,2025,5,pre_weekend,kalshi,lawson,0.00025,0.00478,0.0,0.05,0.005,0.975,False,,,12.0,0
backfill,2025,5,pre_weekend,kalshi,bearman,0.0,0.00478,0.0,0.05,0.005,0.975,False,,,15.0,0
backfill,2025,5,pre_weekend,kalshi,ocon,0.00025,0.00478,0.0,0.05,0.005,0.975,False,,,19.0,0
backfill,2025,5,pre_weekend,kalshi,hulkenberg,0.0,0.00478,0.0,0.05,0.005,0.975,False,,,18.0,0
backfill,2025,5,pre_weekend,kalshi,stroll,0.0,0.00478,0.0,0.05,0.005,0.975,False,,,16.0,0
backfill,2025,5,pre_weekend,kalshi,doohan,0.0,0.00478,0.0,0.05,0.005,0.975,False,,,17.0,0
backfill,2025,5,pre_weekend,kalshi,bortoleto,0.0,0.00478,0.0,0.05,0.005,0.975,False,,,20.0,0
backfill,2025,5,pre_weekend,kalshi,tsunoda,0.0215,0.00478,0.0,0.05,0.005,0.975,False,,,8.0,0
backfill,2025,5,pre_weekend,kalshi,gasly,0.00175,0.00478,0.0,0.05,0.005,0.975,False,,,9.0,0
backfill,2025,6,pre_weekend,kalshi,piastri,0.1605,0.33333,0.5,0.05,0.345,0.98,True,0.03,30.0,4.0,1
backfill,2025,6,pre_weekend,kalshi,norris,0.37775,0.31884,0.48625,0.05,0.33,0.98,True,0.04,30.0,2.0,0
backfill,2025,6,pre_weekend,kalshi,russell,0.129,0.04348,0.0,0.05,0.045,0.98,True,0.03,30.0,5.0,0
backfill,2025,6,pre_weekend,kalshi,max_verstappen,0.15075,0.15942,0.00025,0.05,0.165,0.98,True,0.03,30.0,1.0,0
backfill,2025,6,pre_weekend,kalshi,albon,0.00275,0.00483,0.0,0.05,0.005,0.98,False,,,7.0,0
backfill,2025,6,pre_weekend,kalshi,antonelli,0.01625,0.01932,0.0,0.05,0.02,0.98,True,,30.0,3.0,0
backfill,2025,6,pre_weekend,kalshi,leclerc,0.08875,0.03865,0.0075,0.05,0.04,0.98,True,0.02,30.0,8.0,0
backfill,2025,6,pre_weekend,kalshi,hamilton,0.0375,0.01449,0.006,0.05,0.015,0.98,True,0.01,30.0,12.0,0
backfill,2025,6,pre_weekend,kalshi,sainz,0.001,0.00966,0.0,0.05,0.01,0.98,True,,5370.0,6.0,0
backfill,2025,6,pre_weekend,kalshi,tsunoda,0.03275,0.00966,0.0,0.05,0.01,0.98,True,,1950.0,10.0,0
backfill,2025,6,pre_weekend,kalshi,hadjar,0.0005,0.00483,0.0,0.05,0.005,0.98,False,,,11.0,0
backfill,2025,6,pre_weekend,kalshi,ocon,0.0,0.00483,0.0,0.05,0.005,0.98,False,,,9.0,0
backfill,2025,6,pre_weekend,kalshi,gasly,0.001,0.00483,0.0,0.05,0.005,0.98,False,,,20.0,0
backfill,2025,6,pre_weekend,kalshi,hulkenberg,0.0,0.00483,0.0,0.05,0.005,0.98,False,,,16.0,0
backfill,2025,6,pre_weekend,kalshi,alonso,0.00075,0.00483,0.0,0.05,0.005,0.98,False,,,17.0,0
backfill,2025,6,pre_weekend,kalshi,stroll,0.00025,0.00483,0.0,0.05,0.005,0.98,False,,,18.0,0
backfill,2025,6,pre_weekend,kalshi,lawson,0.0,0.00483,0.0,0.05,0.005,0.98,False,,,15.0,0
backfill,2025,6,pre_weekend,kalshi,bortoleto,0.0,0.00483,0.0,0.05,0.005,0.98,False,,,13.0,0
backfill,2025,6,pre_weekend,kalshi,bearman,0.00025,0.00483,0.0,0.05,0.005,0.98,False,,,19.0,0
backfill,2025,6,pre_weekend,kalshi,doohan,0.00025,0.00483,0.0,0.05,0.005,0.98,False,,,14.0,0
backfill,2025,7,pre_weekend,kalshi,max_verstappen,0.13275,0.14904,0.0,0.05,0.155,0.995,True,0.01,150.0,2.0,1
backfill,2025,7,pre_weekend,kalshi,norris,0.3995,0.31731,0.495,0.05,0.33,0.995,True,0.06,150.0,4.0,0
backfill,2025,7,pre_weekend,kalshi,piastri,0.1905,0.35096,0.49225,0.05,0.365,0.995,True,0.03,150.0,1.0,0
backfill,2025,7,pre_weekend,kalshi,hamilton,0.019,0.01442,0.0,0.05,0.015,0.995,True,0.01,150.0,12.0,0
backfill,2025,7,pre_weekend,kalshi,albon,0.008,0.00962,0.0,0.05,0.01,0.995,True,,4830.0,7.0,0
backfill,2025,7,pre_weekend,kalshi,leclerc,0.06525,0.02404,0.0,0.05,0.025,0.995,True,0.01,150.0,11.0,0
backfill,2025,7,pre_weekend,kalshi,russell,0.1325,0.04327,0.00675,0.05,0.045,0.995,True,0.03,150.0,3.0,0
backfill,2025,7,pre_weekend,kalshi,sainz,0.00225,0.00481,0.0,0.05,0.005,0.995,False,,,6.0,0
backfill,2025,7,pre_weekend,kalshi,hadjar,0.001,0.00481,0.0,0.05,0.005,0.995,False,,,9.0,0
backfill,2025,7,pre_weekend,kalshi,tsunoda,0.02525,0.00962,0.0,0.05,0.01,0.995,True,,10770.0,20.0,0
backfill,2025,7,pre_weekend,kalshi,alonso,0.00025,0.00481,0.0,0.05,0.005,0.995,False,,,5.0,0
backfill,2025,7,pre_weekend,kalshi,hulkenberg,0.0,0.00481,0.0,0.05,0.005,0.995,False,,,17.0,0
backfill,2025,7,pre_weekend,kalshi,gasly,0.0,0.00962,0.0,0.05,0.01,0.995,True,,10770.0,10.0,0
backfill,2025,7,pre_weekend,kalshi,lawson,0.0005,0.00481,0.0,0.05,0.005,0.995,False,,,15.0,0
backfill,2025,7,pre_weekend,kalshi,stroll,0.00025,0.00962,0.0,0.05,0.01,0.995,True,,930.0,8.0,0
backfill,2025,7,pre_weekend,kalshi,colapinto,0.0,0.00481,0.0,0.05,0.005,0.995,False,,,16.0,0
backfill,2025,7,pre_weekend,kalshi,bearman,0.0,0.00481,0.0,0.05,0.005,0.995,False,,,19.0,0
backfill,2025,7,pre_weekend,kalshi,bortoleto,0.0,0.00481,0.0,0.05,0.005,0.995,False,,,14.0,0
backfill,2025,7,pre_weekend,kalshi,antonelli,0.02275,0.01923,0.006,0.05,0.02,0.995,True,0.02,150.0,13.0,0
backfill,2025,7,pre_weekend,kalshi,ocon,0.00025,0.00481,0.0,0.05,0.005,0.995,False,,,18.0,0
backfill,2025,8,pre_weekend,kalshi,norris,0.4165,0.24887,0.4935,0.05,0.275,1.1,True,0.01,150.0,1.0,1
backfill,2025,8,pre_weekend,kalshi,leclerc,0.05275,0.05882,0.006,0.05,0.065,1.1,True,0.03,150.0,2.0,0
backfill,2025,8,pre_weekend,kalshi,piastri,0.2065,0.29864,0.4905,0.05,0.33,1.1,True,0.02,150.0,3.0,0
backfill,2025,8,pre_weekend,kalshi,max_verstappen,0.13175,0.20362,0.0,0.05,0.225,1.1,True,0.01,150.0,4.0,0
backfill,2025,8,pre_weekend,kalshi,hamilton,0.024,0.01357,0.00975,0.05,0.015,1.1,True,0.01,150.0,7.0,0
backfill,2025,8,pre_weekend,kalshi,hadjar,0.00175,0.00905,0.0,0.05,0.01,1.1,True,,3330.0,5.0,0
backfill,2025,8,pre_weekend,kalshi,ocon,0.00025,0.00905,0.0,0.05,0.01,1.1,True,,3330.0,8.0,0
backfill,2025,8,pre_weekend,kalshi,lawson,0.0,0.00905,0.0,0.05,0.01,1.1,True,,3330.0,9.0,0
backfill,2025,8,pre_weekend,kalshi,albon,0.008,0.01357,0.0,0.05,0.015,1.1,True,0.01,150.0,10.0,0
backfill,2025,8,pre_weekend,kalshi,sainz,0.003,0.01357,0.0,0.05,0.015,1.1,True,0.01,150.0,11.0,0
backfill,2025,8,pre_weekend,kalshi,russell,0.114,0.03167,0.00025,0.05,0.035,1.1,True,0.01,150.0,14.0,0
backfill,2025,8,pre_weekend,kalshi,bearman,0.0,0.00905,0.0,0.05,0.01,1.1,True,,3330.0,20.0,0
backfill,2025,8,pre_weekend,kalshi,colapinto,0.0,0.00452,0.0,0.05,0.005,1.1,False,,,18.0,0
backfill,2025,8,pre_weekend,kalshi,bortoleto,0.0,0.00905,0.0,0.05,0.01,1.1,True,,3330.0,16.0,0
backfill,2025,8,pre_weekend,kalshi,stroll,0.00025,0.00905,0.0,0.05,0.01,1.1,True,,3330.0,19.0,0
backfill,2025,8,pre_weekend,kalshi,hulkenberg,0.0,0.00905,0.0,0.05,0.01,1.1,True,,3330.0,13.0,0
backfill,2025,8,pre_weekend,kalshi,tsunoda,0.024,0.00905,0.0,0.05,0.01,1.1,True,,3330.0,12.0,0
backfill,2025,8,pre_weekend,kalshi,antonelli,0.01575,0.02262,0.0,0.05,0.025,1.1,True,0.01,150.0,15.0,0
backfill,2025,8,pre_weekend,kalshi,alonso,0.00125,0.00905,0.0,0.05,0.01,1.1,True,,2370.0,6.0,0
backfill,2025,8,pre_weekend,kalshi,gasly,0.00025,0.00905,0.0,0.05,0.01,1.1,True,,3330.0,17.0,0
backfill,2025,9,pre_weekend,kalshi,piastri,0.229,0.30594,0.48675,0.05263,0.335,1.035,True,0.01,150.0,1.0,1
backfill,2025,9,pre_weekend,kalshi,norris,0.47875,0.30594,0.49825,0.05263,0.335,1.035,True,0.03,150.0,2.0,0
backfill,2025,9,pre_weekend,kalshi,leclerc,0.0725,0.0411,0.009,0.05263,0.045,1.035,True,0.01,210.0,7.0,0
backfill,2025,9,pre_weekend,kalshi,russell,0.046,0.03653,0.0,0.05263,0.04,1.035,True,,630.0,4.0,0
backfill,2025,9,pre_weekend,kalshi,hulkenberg,0.0,0.00457,0.0,0.05263,0.005,1.035,False,,,15.0,0
backfill,2025,9,pre_weekend,kalshi,hamilton,0.02925,0.02283,0.006,0.05263,0.025,1.035,True,0.03,210.0,5.0,0
backfill,2025,9,pre_weekend,kalshi,hadjar,0.00225,0.00457,0.0,0.05263,0.005,1.035,False,,,9.0,0
backfill,2025,9,pre_weekend,kalshi,gasly,0.00175,0.00457,0.0,0.05263,0.005,1.035,False,,,8.0,0
backfill,2025,9,pre_weekend,kalshi,alonso,0.0,0.00457,0.0,0.05263,0.005,1.035,False,,,10.0,0
backfill,2025,9,pre_weekend,kalshi,max_verstappen,0.10725,0.22374,0.0,0.05263,0.245,1.035,True,0.01,90.0,3.0,0
backfill,2025,9,pre_weekend,kalshi,lawson,0.00025,0.00457,0.0,0.05263,0.005,1.035,False,,,13.0,0
backfill,2025,9,pre_weekend,kalshi,bortoleto,0.0,0.00457,0.0,0.05263,0.005,1.035,False,,,12.0,0
backfill,2025,9,pre_weekend,kalshi,tsunoda,0.01775,0.00457,0.0,0.05263,0.005,1.035,False,,,19.0,0
backfill,2025,9,pre_weekend,kalshi,sainz,0.003,0.00457,0.0,0.05263,0.005,1.035,False,,,17.0,0
backfill,2025,9,pre_weekend,kalshi,colapinto,0.0,0.00457,0.0,0.05263,0.005,1.035,False,,,18.0,0
backfill,2025,9,pre_weekend,kalshi,ocon,0.0,0.00457,0.0,0.05263,0.005,1.035,False,,,16.0,0
backfill,2025,9,pre_weekend,kalshi,bearman,0.00025,0.00457,0.0,0.05263,0.005,1.035,False,,,14.0,0
backfill,2025,9,pre_weekend,kalshi,antonelli,0.0055,0.00913,0.0,0.05263,0.01,1.035,True,,630.0,6.0,0
backfill,2025,9,pre_weekend,kalshi,albon,0.0065,0.00457,0.0,0.05263,0.005,1.035,False,,,11.0,0
backfill,2025,12,pre_weekend,kalshi,norris,0.4455,0.26842,0.498,0.05263,0.255,0.895,True,0.15,210.0,3.0,1
backfill,2025,12,pre_weekend,kalshi,piastri,0.22525,0.34211,0.48725,0.05263,0.325,0.895,True,0.01,150.0,2.0,0
backfill,2025,12,pre_weekend,kalshi,hulkenberg,0.0005,0.00526,0.0,0.05263,0.005,0.895,False,,,19.0,0
backfill,2025,12,pre_weekend,kalshi,hamilton,0.038,0.04211,0.007,0.05263,0.04,0.895,True,0.06,150.0,5.0,0
backfill,2025,12,pre_weekend,kalshi,max_verstappen,0.039,0.17368,0.0,0.05263,0.165,0.895,True,0.01,150.0,1.0,0
backfill,2025,12,pre_weekend,kalshi,gasly,0.00025,0.00526,0.0,0.05263,0.005,0.895,False,,,8.0,0
backfill,2025,12,pre_weekend,kalshi,stroll,0.00025,0.00526,0.0,0.05263,0.005,0.895,False,,,17.0,0
backfill,2025,12,pre_weekend,kalshi,albon,0.006,0.00526,0.0,0.05263,0.005,0.895,False,,,13.0,0
backfill,2025,12,pre_weekend,kalshi,alonso,0.00075,0.02105,0.0,0.05263,0.02,0.895,True,,3090.0,7.0,0
backfill,2025,12,pre_weekend,kalshi,russell,0.11675,0.05263,0.00025,0.05263,0.05,0.895,True,0.02,150.0,4.0,0
backfill,2025,12,pre_weekend,kalshi,bearman,0.0,0.00526,0.0,0.05263,0.005,0.895,False,,,18.0,0
backfill,2025,12,pre_weekend,kalshi,sainz,0.00175,0.00526,0.0,0.05263,0.005,0.895,False,,,9.0,0
backfill,2025,12,pre_weekend,kalshi,ocon,0.0,0.00526,0.0,0.05263,0.005,0.895,False,,,14.0,0
backfill,2025,12,pre_weekend,kalshi,leclerc,0.1075,0.03158,0.00725,0.05263,0.03,0.895,True,0.02,150.0,6.0,0
backfill,2025,12,pre_weekend,kalshi,tsunoda,0.00475,0.00526,0.0,0.05263,0.005,0.895,False,,,11.0,0
backfill,2025,12,pre_weekend,kalshi,antonelli,0.011,0.01053,0.00025,0.05263,0.01,0.895,True,,210.0,10.0,0
backfill,2025,12,pre_weekend,kalshi,hadjar,0.00225,0.00526,0.0,0.05263,0.005,0.895,False,,,12.0,0
backfill,2025,12,pre_weekend,kalshi,bortoleto,0.0,0.00526,0.0,0.05263,0.005,0.895,False,,,16.0,0
backfill,2025,12,pre_weekend,kalshi,lawson,0.0005,0.00526,0.0,0.05263,0.005,0.895,False,,,15.0,0
backfill,2025,13,pre_weekend,kalshi,piastri,0.2805,0.28854,0.49325,0.05,0.365,1.265,True,0.01,150.0,2.0,1
backfill,2025,13,pre_weekend,kalshi,norris,0.4875,0.26877,0.492,0.05,0.34,1.265,True,0.02,150.0,1.0,0
backfill,2025,13,pre_weekend,kalshi,leclerc,0.0665,0.03557,0.00775,0.05,0.045,1.265,True,0.01,150.0,3.0,0
backfill,2025,13,pre_weekend,kalshi,max_verstappen,0.03675,0.22134,0.0,0.05,0.28,1.265,True,0.18,90.0,4.0,0
backfill,2025,13,pre_weekend,kalshi,russell,0.075,0.03557,0.0,0.05,0.045,1.265,True,0.03,150.0,6.0,0
backfill,2025,13,pre_weekend,kalshi,albon,0.00475,0.00791,0.0,0.05,0.01,1.265,True,,210.0,5.0,0
backfill,2025,13,pre_weekend,kalshi,hamilton,0.027,0.03953,0.00675,0.05,0.05,1.265,True,0.02,90.0,18.0,0
backfill,2025,13,pre_weekend,kalshi,lawson,0.0005,0.00791,0.0,0.05,0.01,1.265,True,,270.0,9.0,0
backfill,2025,13,pre_weekend,kalshi,bortoleto,0.001,0.00791,0.0,0.05,0.01,1.265,True,,150.0,10.0,0
backfill,2025,13,pre_weekend,kalshi,gasly,0.0005,0.00791,0.0,0.05,0.01,1.265,True,,570.0,13.0,0
backfill,2025,13,pre_weekend,kalshi,bearman,0.0,0.00791,0.0,0.05,0.01,1.265,True,,150.0,12.0,0
backfill,2025,13,pre_weekend,kalshi,hulkenberg,0.0005,0.00791,0.0,0.05,0.01,1.265,True,,270.0,14.0,0
backfill,2025,13,pre_weekend,kalshi,tsunoda,0.003,0.00791,0.0,0.05,0.01,1.265,True,,210.0,7.0,0
backfill,2025,13,pre_weekend,kalshi,stroll,0.00025,0.00791,0.0,0.05,0.01,1.265,True,,270.0,16.0,0
backfill,2025,13,pre_weekend,kalshi,ocon,0.00025,0.00791,0.0,0.05,0.01,1.265,True,,210.0,11.0,0
backfill,2025,13,pre_weekend,kalshi,antonelli,0.00975,0.00791,0.00025,0.05,0.01,1.265,True,,210.0,19.0,0
backfill,2025,13,pre_weekend,kalshi,alonso,0.0025,0.00791,0.0,0.05,0.01,1.265,True,,210.0,20.0,0
backfill,2025,13,pre_weekend,kalshi,sainz,0.0015,0.00791,0.0,0.05,0.01,1.265,True,,210.0,17.0,0
backfill,2025,13,pre_weekend,kalshi,colapinto,0.00025,0.00791,0.0,0.05,0.01,1.265,True,,210.0,15.0,0
backfill,2025,13,pre_weekend,kalshi,hadjar,0.002,0.00791,0.0,0.05,0.01,1.265,True,,510.0,8.0,0
backfill,2025,14,pre_weekend,kalshi,norris,0.51475,0.31466,0.50025,0.05,0.365,1.16,True,0.01,150.0,3.0,1
backfill,2025,14,pre_weekend,kalshi,piastri,0.277,0.35345,0.48675,0.05,0.41,1.16,True,0.02,150.0,2.0,0
backfill,2025,14,pre_weekend,kalshi,russell,0.0535,0.02155,0.0,0.05,0.025,1.16,True,0.01,150.0,4.0,0
backfill,2025,14,pre_weekend,kalshi,leclerc,0.07425,0.04741,0.00625,0.05,0.055,1.16,True,0.01,150.0,1.0,0
backfill,2025,14,pre_weekend,kalshi,alonso,0.00125,0.00862,0.0,0.05,0.01,1.16,True,,330.0,5.0,0
backfill,2025,14,pre_weekend,kalshi,bortoleto,0.0,0.00862,0.0,0.05,0.01,1.16,True,,330.0,7.0,0
backfill,2025,14,pre_weekend,kalshi,stroll,0.0,0.00862,0.0,0.05,0.01,1.16,True,,330.0,6.0,0
backfill,2025,14,pre_weekend,kalshi,lawson,0.0,0.00862,0.0,0.05,0.01,1.16,True,,330.0,9.0,0
backfill,2025,14,pre_weekend,kalshi,max_verstappen,0.0375,0.11207,0.0,0.05,0.13,1.16,True,0.02,150.0,8.0,0
backfill,2025,14,pre_weekend,kalshi,antonelli,0.0075,0.00862,0.00025,0.05,0.01,1.16,True,,210.0,15.0,0
backfill,2025,14,pre_weekend,kalshi,hadjar,0.00125,0.00862,0.0,0.05,0.01,1.16,True,,330.0,10.0,0
backfill,2025,14,pre_weekend,kalshi,hamilton,0.02375,0.03017,0.0065,0.05,0.035,1.16,True,0.01,150.0,12.0,0
backfill,2025,14,pre_weekend,kalshi,hulkenberg,0.0005,0.00862,0.0,0.05,0.01,1.16,True,,330.0,18.0,0
backfill,2025,14,pre_weekend,kalshi,sainz,0.0015,0.00862,0.0,0.05,0.01,1.16,True,,330.0,13.0,0
backfill,2025,14,pre_weekend,kalshi,albon,0.0035,0.00862,0.0,0.05,0.01,1.16,True,,270.0,19.0,0
backfill,2025,14,pre_weekend,kalshi,ocon,0.0,0.00862,0.0,0.05,0.01,1.16,True,,330.0,17.0,0
backfill,2025,14,pre_weekend,kalshi,tsunoda,0.00325,0.00862,0.0,0.05,0.01,1.16,True,,330.0,20.0,0
backfill,2025,14,pre_weekend,kalshi,colapinto,0.00025,0.00862,0.0,0.05,0.01,1.16,True,,330.0,14.0,0
backfill,2025,14,pre_weekend,kalshi,gasly,0.0,0.00862,0.0,0.05,0.01,1.16,True,,270.0,16.0,0
backfill,2025,14,pre_weekend,kalshi,bearman,0.00025,0.00862,0.0,0.05,0.01,1.16,True,,330.0,11.0,0
backfill,2025,15,pre_weekend,kalshi,piastri,0.31025,0.3785,0.4825,0.05,0.405,1.03,True,0.01,30.0,1.0,1
backfill,2025,15,pre_weekend,kalshi,max_verstappen,0.02475,0.08879,0.0,0.05,0.095,1.03,True,0.01,30.0,3.0,0
backfill,2025,15,pre_weekend,kalshi,hadjar,0.0015,0.00467,0.0,0.05,0.005,1.03,False,,,4.0,0
backfill,2025,15,pre_weekend,kalshi,russell,0.0555,0.02336,0.0,0.05,0.025,1.03,True,0.01,30.0,5.0,0
backfill,2025,15,pre_weekend,kalshi,albon,0.00225,0.00935,0.0,0.05,0.01,1.03,True,,450.0,15.0,0
backfill,2025,15,pre_weekend,kalshi,bearman,0.0,0.00935,0.0,0.05,0.01,1.03,True,,150.0,20.0,0
backfill,2025,15,pre_weekend,kalshi,stroll,0.0,0.00467,0.0,0.05,0.005,1.03,False,,,19.0,0
backfill,2025,15,pre_weekend,kalshi,alonso,0.002,0.00935,0.0,0.05,0.01,1.03,True,,270.0,10.0,0
backfill,2025,15,pre_weekend,kalshi,tsunoda,0.002,0.00935,0.0,0.05,0.01,1.03,True,,510.0,12.0,0
backfill,2025,15,pre_weekend,kalshi,ocon,0.0,0.00467,0.0,0.05,0.005,1.03,False,,,18.0,0
backfill,2025,15,pre_weekend,kalshi,colapinto,0.0,0.00467,0.0,0.05,0.005,1.03,False,,,16.0,0
backfill,2025,15,pre_weekend,kalshi,lawson,0.00075,0.00467,0.0,0.05,0.005,1.03,False,,,8.0,0
backfill,2025,15,pre_weekend,kalshi,sainz,0.00075,0.00935,0.0,0.05,0.01,1.03,True,,450.0,9.0,0
backfill,2025,15,pre_weekend,kalshi,hulkenberg,0.00075,0.00467,0.0,0.05,0.005,1.03,False,,,17.0,0
backfill,2025,15,pre_weekend,kalshi,bortoleto,0.0015,0.00467,0.0,0.05,0.005,1.03,False,,,13.0,0
backfill,2025,15,pre_weekend,kalshi,antonelli,0.0055,0.00935,0.00025,0.05,0.01,1.03,True,,1050.0,11.0,0
backfill,2025,15,pre_weekend,kalshi,gasly,0.00025,0.00467,0.0,0.05,0.005,1.03,False,,,14.0,0
backfill,2025,15,pre_weekend,kalshi,norris,0.51025,0.35981,0.505,0.05,0.385,1.03,True,0.01,30.0,2.0,0
backfill,2025,15,pre_weekend,kalshi,leclerc,0.06475,0.04206,0.008,0.05,0.045,1.03,True,0.01,30.0,6.0,0
backfill,2025,15,pre_weekend,kalshi,hamilton,0.01725,0.01402,0.00425,0.05,0.015,1.03,True,0.01,30.0,7.0,0
backfill,2025,16,pre_weekend,kalshi,max_verstappen,0.054,0.0905,0.0,0.05263,0.1,1.075,True,0.02,30.0,1.0,1
backfill,2025,16,pre_weekend,kalshi,norris,0.47625,0.31222,0.4955,0.05263,0.345,1.075,True,0.01,30.0,2.0,0
backfill,2025,16,pre_weekend,kalshi,piastri,0.26825,0.40271,0.4915,0.05263,0.445,1.075,True,0.01,30.0,3.0,0
backfill,2025,16,pre_weekend,kalshi,leclerc,0.084,0.05882,0.007,0.05263,0.065,1.075,True,0.01,30.0,4.0,0
backfill,2025,16,pre_weekend,kalshi,russell,0.066,0.03167,0.0,0.05263,0.035,1.075,True,0.01,30.0,5.0,0
backfill,2025,16,pre_weekend,kalshi,hamilton,0.0265,0.01357,0.006,0.05263,0.015,1.075,True,0.01,210.0,10.0,0
backfill,2025,16,pre_weekend,kalshi,albon,0.00375,0.00905,0.0,0.05263,0.01,1.075,True,,1710.0,14.0,0
backfill,2025,16,pre_weekend,kalshi,bortoleto,0.00075,0.00452,0.0,0.05263,0.005,1.075,False,,,7.0,0
backfill,2025,16,pre_weekend,kalshi,antonelli,0.004,0.00905,0.0,0.05263,0.01,1.075,True,,630.0,6.0,0
backfill,2025,16,pre_weekend,kalshi,hadjar,0.00525,0.00905,0.0,0.05263,0.01,1.075,True,,1710.0,19.0,0
backfill,2025,16,pre_weekend,kalshi,sainz,0.00125,0.00905,0.0,0.05263,0.01,1.075,True,,630.0,13.0,0
backfill,2025,16,pre_weekend,kalshi,bearman,0.00025,0.00452,0.0,0.05263,0.005,1.075,False,,,11.0,0
backfill,2025,16,pre_weekend,kalshi,tsunoda,0.00375,0.00452,0.0,0.05263,0.005,1.075,False,,,9.0,0
backfill,2025,16,pre_weekend,kalshi,lawson,0.00025,0.00452,0.0,0.05263,0.005,1.075,False,,,18.0,0
backfill,2025,16,pre_weekend,kalshi,ocon,0.00025,0.00905,0.0,0.05263,0.01,1.075,True,,270.0,15.0,0
backfill,2025,16,pre_weekend,kalshi,gasly,0.00025,0.00452,0.0,0.05263,0.005,1.075,False,,,20.0,0
backfill,2025,16,pre_weekend,kalshi,colapinto,0.0,0.00452,0.0,0.05263,0.005,1.075,False,,,17.0,0
backfill,2025,16,pre_weekend,kalshi,stroll,0.00075,0.00905,0.0,0.05263,0.01,1.075,True,,1710.0,16.0,0
backfill,2025,16,pre_weekend,kalshi,alonso,0.0045,0.00905,0.0,0.05263,0.01,1.075,True,,1230.0,8.0,0
backfill,2025,17,pre_weekend,kalshi,max_verstappen,0.06975,0.16017,0.0,0.05,0.185,1.155,True,0.01,30.0,1.0,1
backfill,2025,17,pre_weekend,kalshi,russell,0.067,0.0303,0.0,0.05,0.035,1.155,True,0.01,30.0,5.0,0
backfill,2025,17,pre_weekend,kalshi,sainz,0.00125,0.00866,0.0,0.05,0.01,1.155,True,,210.0,2.0,0
backfill,2025,17,pre_weekend,kalshi,antonelli,0.006,0.00866,0.0,0.05,0.01,1.155,True,,150.0,4.0,0
backfill,2025,17,pre_weekend,kalshi,lawson,0.001,0.00866,0.0,0.05,0.01,1.155,True,,210.0,3.0,0
backfill,2025,17,pre_weekend,kalshi,tsunoda,0.00275,0.00866,0.0,0.05,0.01,1.155,True,,210.0,6.0,0
backfill,2025,17,pre_weekend,kalshi,norris,0.458,0.25974,0.49125,0.05,0.3,1.155,True,0.02,30.0,7.0,0
backfill,2025,17,pre_weekend,kalshi,hamilton,0.02875,0.02597,0.0075,0.05,0.03,1.155,True,0.02,30.0,12.0,0
backfill,2025,17,pre_weekend,kalshi,leclerc,0.08875,0.07792,0.0065,0.05,0.09,1.155,True,0.02,30.0,10.0,0
backfill,2025,17,pre_weekend,kalshi,hadjar,0.00375,0.00866,0.0,0.05,0.01,1.155,True,,210.0,8.0,0
backfill,2025,17,pre_weekend,kalshi,bortoleto,0.00175,0.00866,0.0,0.05,0.01,1.155,True,,210.0,13.0,0
backfill,2025,17,pre_weekend,kalshi,bearman,0.0005,0.00866,0.0,0.05,0.01,1.155,True,,210.0,15.0,0
backfill,2025,17,pre_weekend,kalshi,albon,0.0035,0.00866,0.0,0.05,0.01,1.155,True,,210.0,19.0,0
backfill,2025,17,pre_weekend,kalshi,ocon,0.00025,0.00866,0.0,0.05,0.01,1.155,True,,210.0,20.0,0
backfill,2025,17,pre_weekend,kalshi,alonso,0.00375,0.00866,0.0,0.05,0.01,1.155,True,,210.0,11.0,0
backfill,2025,17,pre_weekend,kalshi,hulkenberg,0.00125,0.00866,0.0,0.05,0.01,1.155,True,,210.0,17.0,0
backfill,2025,17,pre_weekend,kalshi,stroll,0.0,0.00866,0.0,0.05,0.01,1.155,True,,210.0,14.0,0
backfill,2025,17,pre_weekend,kalshi,gasly,0.00025,0.00866,0.0,0.05,0.01,1.155,True,,210.0,18.0,0
backfill,2025,17,pre_weekend,kalshi,colapinto,0.0,0.00866,0.0,0.05,0.01,1.155,True,,210.0,16.0,0
backfill,2025,17,pre_weekend,kalshi,piastri,0.26175,0.32468,0.49475,0.05,0.375,1.155,True,0.01,30.0,9.0,0
backfill,2025,18,pre_weekend,kalshi,russell,0.107,0.03057,0.0,0.05,0.035,1.145,True,0.01,30.0,1.0,1
backfill,2025,18,pre_weekend,kalshi,max_verstappen,0.1185,0.22271,0.0,0.05,0.255,1.145,True,0.01,30.0,2.0,0
backfill,2025,18,pre_weekend,kalshi,norris,0.39075,0.29258,0.493,0.05,0.335,1.145,True,0.01,30.0,5.0,0
backfill,2025,18,pre_weekend,kalshi,piastri,0.24075,0.24891,0.49875,0.05,0.285,1.145,True,0.01,30.0,3.0,0
backfill,2025,18,pre_weekend,kalshi,antonelli,0.00875,0.00873,0.0,0.05,0.01,1.145,True,,210.0,4.0,0
backfill,2025,18,pre_weekend,kalshi,leclerc,0.08075,0.04803,0.0045,0.05,0.055,1.145,True,0.01,30.0,7.0,0
backfill,2025,18,pre_weekend,kalshi,alonso,0.00425,0.00873,0.0,0.05,0.01,1.145,True,,210.0,10.0,0
backfill,2025,18,pre_weekend,kalshi,hamilton,0.02375,0.03493,0.00375,0.05,0.04,1.145,True,0.04,30.0,6.0,0
backfill,2025,18,pre_weekend,kalshi,bearman,0.00025,0.00873,0.0,0.05,0.01,1.145,True,,390.0,9.0,0
backfill,2025,18,pre_weekend,kalshi,sainz,0.0035,0.00873,0.0,0.05,0.01,1.145,True,,150.0,18.0,0
backfill,2025,18,pre_weekend,kalshi,hadjar,0.005,0.00873,0.0,0.05,0.01,1.145,True,,390.0,8.0,0
backfill,2025,18,pre_weekend,kalshi,tsunoda,0.0055,0.00873,0.0,0.05,0.01,1.145,True,,210.0,13.0,0
backfill,2025,18,pre_weekend,kalshi,stroll,0.00025,0.00873,0.0,0.05,0.01,1.145,True,,1590.0,15.0,0
backfill,2025,18,pre_weekend,kalshi,albon,0.00525,0.00873,0.0,0.05,0.01,1.145,True,,90.0,20.0,0
backfill,2025,18,pre_weekend,kalshi,lawson,0.00075,0.00873,0.0,0.05,0.01,1.145,True,,1590.0,12.0,0
backfill,2025,18,pre_weekend,kalshi,colapinto,0.0,0.00873,0.0,0.05,0.01,1.145,True,,390.0,16.0,0
backfill,2025,18,pre_weekend,kalshi,bortoleto,0.0025,0.00873,0.0,0.05,0.01,1.145,True,,390.0,14.0,0
backfill,2025,18,pre_weekend,kalshi,ocon,0.00025,0.00873,0.0,0.05,0.01,1.145,True,,390.0,17.0,0
backfill,2025,18,pre_weekend,kalshi,gasly,0.00025,0.00873,0.0,0.05,0.01,1.145,True,,390.0,19.0,0
backfill,2025,18,pre_weekend,kalshi,hulkenberg,0.002,0.00873,0.0,0.05,0.01,1.145,True,,210.0,11.0,0
backfill,2025,19,pre_weekend,kalshi,max_verstappen,0.1335,0.27542,0.0,0.05,0.325,1.18,True,0.03,30.0,1.0,1
backfill,2025,19,pre_weekend,kalshi,norris,0.3755,0.23729,0.4905,0.05,0.28,1.18,True,0.02,30.0,2.0,0
backfill,2025,19,pre_weekend,kalshi,leclerc,0.0795,0.02966,0.0,0.05,0.035,1.18,True,0.01,30.0,3.0,0
backfill,2025,19,pre_weekend,kalshi,hamilton,0.0225,0.02119,0.0,0.05,0.025,1.18,True,0.01,30.0,5.0,0
backfill,2025,19,pre_weekend,kalshi,piastri,0.219,0.26271,0.50375,0.05,0.31,1.18,True,0.02,30.0,6.0,0
backfill,2025,19,pre_weekend,kalshi,russell,0.13625,0.05508,0.0025,0.05,0.065,1.18,True,0.01,30.0,4.0,0
backfill,2025,19,pre_weekend,kalshi,tsunoda,0.006,0.00847,0.0,0.05,0.01,1.18,True,,2790.0,13.0,0
backfill,2025,19,pre_weekend,kalshi,hulkenberg,0.0005,0.00847,0.0,0.05,0.01,1.18,True,,2550.0,11.0,0
backfill,2025,19,pre_weekend,kalshi,bearman,0.00075,0.00847,0.0,0.05,0.01,1.18,True,,2130.0,8.0,0
backfill,2025,19,pre_weekend,kalshi,alonso,0.0045,0.00847,0.0,0.05,0.01,1.18,True,,690.0,10.0,0
backfill,2025,19,pre_weekend,kalshi,lawson,0.00075,0.00847,0.0,0.05,0.01,1.18,True,,2790.0,12.0,0
backfill,2025,19,pre_weekend,kalshi,stroll,0.00075,0.00847,0.0,0.05,0.01,1.18,True,,2790.0,19.0,0
backfill,2025,19,pre_weekend,kalshi,antonelli,0.01,0.00847,0.00325,0.05,0.01,1.18,True,,30.0,7.0,0
backfill,2025,19,pre_weekend,kalshi,albon,0.0045,0.00847,0.0,0.05,0.01,1.18,True,,270.0,18.0,0
backfill,2025,19,pre_weekend,kalshi,ocon,0.00025,0.00847,0.0,0.05,0.01,1.18,True,,810.0,17.0,0
backfill,2025,19,pre_weekend,kalshi,hadjar,0.00225,0.00847,0.0,0.05,0.01,1.18,True,,2790.0,20.0,0
backfill,2025,19,pre_weekend,kalshi,colapinto,0.0,0.00847,0.0,0.05,0.01,1.18,True,,2790.0,15.0,0
backfill,2025,19,pre_weekend,kalshi,bortoleto,0.00175,0.00847,0.0,0.05,0.01,1.18,True,,2790.0,16.0,0
backfill,2025,19,pre_weekend,kalshi,gasly,0.00025,0.00847,0.0,0.05,0.01,1.18,True,,2550.0,14.0,0
backfill,2025,19,pre_weekend,kalshi,sainz,0.0015,0.00847,0.0,0.05,0.01,1.18,True,,90.0,9.0,0
backfill,2025,20,pre_weekend,kalshi,norris,0.36675,0.22822,0.4945,0.05,0.275,1.205,True,0.03,30.0,1.0,1
backfill,2025,20,pre_weekend,kalshi,leclerc,0.08325,0.0249,0.0035,0.05,0.03,1.205,True,0.02,30.0,2.0,0
backfill,2025,20,pre_weekend,kalshi,max_verstappen,0.1735,0.39004,0.0,0.05,0.47,1.205,True,0.02,30.0,5.0,0
backfill,2025,20,pre_weekend,kalshi,bearman,0.001,0.0083,0.0,0.05,0.01,1.205,True,,810.0,9.0,0
backfill,2025,20,pre_weekend,kalshi,piastri,0.2135,0.17427,0.497,0.05,0.21,1.205,True,0.02,30.0,7.0,0
backfill,2025,20,pre_weekend,kalshi,antonelli,0.007,0.0083,0.0,0.05,0.01,1.205,True,,330.0,6.0,0
backfill,2025,20,pre_weekend,kalshi,russell,0.104,0.04564,0.0,0.05,0.055,1.205,True,0.01,30.0,4.0,0
backfill,2025,20,pre_weekend,kalshi,hamilton,0.02575,0.02075,0.005,0.05,0.025,1.205,True,0.01,30.0,3.0,0
backfill,2025,20,pre_weekend,kalshi,ocon,0.00075,0.0083,0.0,0.05,0.01,1.205,True,,2970.0,11.0,0
backfill,2025,20,pre_weekend,kalshi,bortoleto,0.00175,0.0083,0.0,0.05,0.01,1.205,True,,810.0,16.0,0
backfill,2025,20,pre_weekend,kalshi,tsunoda,0.006,0.0083,0.0,0.05,0.01,1.205,True,,630.0,10.0,0
backfill,2025,20,pre_weekend,kalshi,albon,0.00275,0.0083,0.0,0.05,0.01,1.205,True,,810.0,17.0,0
backfill,2025,20,pre_weekend,kalshi,hadjar,0.00425,0.0083,0.0,0.05,0.01,1.205,True,,630.0,8.0,0
backfill,2025,20,pre_weekend,kalshi,stroll,0.0005,0.0083,0.0,0.05,0.01,1.205,True,,510.0,19.0,0
backfill,2025,20,pre_weekend,kalshi,gasly,0.0,0.0083,0.0,0.05,0.01,1.205,True,,810.0,18.0,0
backfill,2025,20,pre_weekend,kalshi,colapinto,0.0,0.0083,0.0,0.05,0.01,1.205,True,,810.0,20.0,0
backfill,2025,20,pre_weekend,kalshi,sainz,0.00225,0.0083,0.0,0.05,0.01,1.205,True,,630.0,12.0,0
backfill,2025,20,pre_weekend,kalshi,alonso,0.004,0.0083,0.0,0.05,0.01,1.205,True,,630.0,14.0,0
backfill,2025,20,pre_weekend,kalshi,hulkenberg,0.00125,0.0083,0.0,0.05,0.01,1.205,True,,810.0,13.0,0
backfill,2025,20,pre_weekend,kalshi,lawson,0.00175,0.0083,0.0,0.05,0.01,1.205,True,,630.0,15.0,0
backfill,2025,21,pre_weekend,kalshi,norris,0.37975,0.2906,0.484,0.05,0.34,1.16,True,0.02,30.0,1.0,1
backfill,2025,21,pre_weekend,kalshi,antonelli,0.0125,0.01709,0.0,0.05,0.02,1.16,True,0.02,30.0,2.0,0
backfill,2025,21,pre_weekend,kalshi,max_verstappen,0.1715,0.32906,0.0,0.05,0.385,1.16,True,0.01,30.0,19.0,0
backfill,2025,21,pre_weekend,kalshi,russell,0.10625,0.03846,0.00025,0.05,0.045,1.16,True,0.03,30.0,6.0,0
backfill,2025,21,pre_weekend,kalshi,piastri,0.19225,0.15812,0.5105,0.05,0.185,1.16,True,0.01,30.0,4.0,0
backfill,2025,21,pre_weekend,kalshi,bearman,0.00075,0.00855,0.0,0.05,0.01,1.16,True,,330.0,8.0,0
backfill,2025,21,pre_weekend,kalshi,lawson,0.001,0.00855,0.0,0.05,0.01,1.16,True,,330.0,7.0,0
backfill,2025,21,pre_weekend,kalshi,hadjar,0.00225,0.00855,0.0,0.05,0.01,1.16,True,,330.0,5.0,0
backfill,2025,21,pre_weekend,kalshi,hulkenberg,0.0,0.00855,0.0,0.05,0.01,1.16,True,,330.0,10.0,0
backfill,2025,21,pre_weekend,kalshi,gasly,0.00025,0.00855,0.0,0.05,0.01,1.16,True,,330.0,9.0,0
backfill,2025,21,pre_weekend,kalshi,albon,0.0015,0.00855,0.0,0.05,0.01,1.16,True,,330.0,12.0,0
backfill,2025,21,pre_weekend,kalshi,ocon,0.00125,0.00427,0.0,0.05,0.005,1.16,False,,,20.0,0
backfill,2025,21,pre_weekend,kalshi,sainz,0.00175,0.00855,0.0,0.05,0.01,1.16,True,,990.0,15.0,0
backfill,2025,21,pre_weekend,kalshi,alonso,0.00325,0.00855,0.0,0.05,0.01,1.16,True,,990.0,11.0,0
backfill,2025,21,pre_weekend,kalshi,colapinto,0.0,0.00427,0.0,0.05,0.005,1.16,False,,,16.0,0
backfill,2025,21,pre_weekend,kalshi,stroll,0.0,0.00855,0.0,0.05,0.01,1.16,True,,330.0,14.0,0
backfill,2025,21,pre_weekend,kalshi,tsunoda,0.01075,0.00855,0.0,0.05,0.01,1.16,True,,990.0,17.0,0
backfill,2025,21,pre_weekend,kalshi,hamilton,0.02425,0.02564,0.00125,0.05,0.03,1.16,True,0.02,30.0,13.0,0
backfill,2025,21,pre_weekend,kalshi,leclerc,0.09025,0.03846,0.004,0.05,0.045,1.16,True,0.03,30.0,3.0,0
backfill,2025,21,pre_weekend,kalshi,bortoleto,0.0005,0.00855,0.0,0.05,0.01,1.16,True,,990.0,18.0,0
backfill,2025,22,pre_weekend,kalshi,max_verstappen,0.10925,0.32589,0.0,0.05,0.365,1.12,True,0.01,30.0,2.0,1
backfill,2025,22,pre_weekend,kalshi,russell,0.11825,0.14286,0.0,0.05,0.16,1.12,True,0.02,30.0,4.0,0
backfill,2025,22,pre_weekend,kalshi,antonelli,0.0135,0.04911,0.0,0.05,0.055,1.12,True,0.01,30.0,17.0,0
backfill,2025,22,pre_weekend,kalshi,leclerc,0.0975,0.03571,0.003,0.05,0.04,1.12,True,0.02,30.0,9.0,0
backfill,2025,22,pre_weekend,kalshi,sainz,0.0015,0.00893,0.0,0.05,0.01,1.12,True,,450.0,3.0,0
backfill,2025,22,pre_weekend,kalshi,hadjar,0.002,0.00893,0.0,0.05,0.01,1.12,True,,150.0,8.0,0
backfill,2025,22,pre_weekend,kalshi,hulkenberg,0.00125,0.00893,0.0,0.05,0.01,1.12,True,,450.0,11.0,0
backfill,2025,22,pre_weekend,kalshi,hamilton,0.01925,0.01339,0.00325,0.05,0.015,1.12,True,0.01,30.0,19.0,0
backfill,2025,22,pre_weekend,kalshi,ocon,0.0005,0.00893,0.0,0.05,0.01,1.12,True,,450.0,13.0,0
backfill,2025,22,pre_weekend,kalshi,bearman,0.0005,0.00893,0.0,0.05,0.01,1.12,True,,150.0,14.0,0
backfill,2025,22,pre_weekend,kalshi,alonso,0.002,0.00893,0.0,0.05,0.01,1.12,True,,450.0,7.0,0
backfill,2025,22,pre_weekend,kalshi,tsunoda,0.00525,0.00893,0.0,0.05,0.01,1.12,True,,450.0,20.0,0
backfill,2025,22,pre_weekend,kalshi,gasly,0.0,0.00893,0.0,0.05,0.01,1.12,True,,450.0,10.0,0
backfill,2025,22,pre_weekend,kalshi,lawson,0.0,0.00893,0.0,0.05,0.01,1.12,True,,450.0,6.0,0
backfill,2025,22,pre_weekend,kalshi,colapinto,0.0005,0.00893,0.0,0.05,0.01,1.12,True,,450.0,15.0,0
backfill,2025,22,pre_weekend,kalshi,albon,0.001,0.00893,0.0,0.05,0.01,1.12,True,,450.0,16.0,0
backfill,2025,22,pre_weekend,kalshi,bortoleto,0.00075,0.00893,0.0,0.05,0.01,1.12,True,,450.0,18.0,0
backfill,2025,22,pre_weekend,kalshi,stroll,0.0,0.00893,0.0,0.05,0.01,1.12,True,,450.0,12.0,0
backfill,2025,22,pre_weekend,kalshi,norris,0.42625,0.23214,0.5005,0.05,0.26,1.12,True,0.02,30.0,1.0,0
backfill,2025,22,pre_weekend,kalshi,piastri,0.20075,0.08482,0.49325,0.05,0.095,1.12,True,0.01,30.0,5.0,0
backfill,2025,23,pre_weekend,kalshi,max_verstappen,0.1075,0.37069,0.0,0.05,0.43,1.16,True,0.02,30.0,3.0,1
backfill,2025,23,pre_weekend,kalshi,piastri,0.1875,0.10776,0.49325,0.05,0.125,1.16,True,0.01,30.0,1.0,0
backfill,2025,23,pre_weekend,kalshi,sainz,0.00325,0.00862,0.0,0.05,0.01,1.16,True,,270.0,7.0,0
backfill,2025,23,pre_weekend,kalshi,norris,0.4105,0.28879,0.49875,0.05,0.335,1.16,True,0.03,30.0,2.0,0
backfill,2025,23,pre_weekend,kalshi,antonelli,0.0135,0.02155,0.00375,0.05,0.025,1.16,True,0.01,30.0,5.0,0
backfill,2025,23,pre_weekend,kalshi,russell,0.153,0.04741,0.004,0.05,0.055,1.16,True,0.01,30.0,4.0,0
backfill,2025,23,pre_weekend,kalshi,alonso,0.0025,0.00862,0.0,0.05,0.01,1.16,True,,2370.0,8.0,0
backfill,2025,23,pre_weekend,kalshi,leclerc,0.08975,0.03879,0.0,0.05,0.045,1.16,True,0.01,30.0,10.0,0
backfill,2025,23,pre_weekend,kalshi,lawson,0.0005,0.00862,0.0,0.05,0.01,1.16,True,,2370.0,12.0,0
backfill,2025,23,pre_weekend,kalshi,tsunoda,0.0055,0.00862,0.0,0.05,0.01,1.16,True,,690.0,15.0,0
backfill,2025,23,pre_weekend,kalshi,albon,0.00175,0.00862,0.0,0.05,0.01,1.16,True,,1830.0,14.0,0
backfill,2025,23,pre_weekend,kalshi,hamilton,0.01575,0.01293,0.00025,0.05,0.015,1.16,True,0.01,30.0,17.0,0
backfill,2025,23,pre_weekend,kalshi,bortoleto,0.00075,0.00862,0.0,0.05,0.01,1.16,True,,2370.0,19.0,0
backfill,2025,23,pre_weekend,kalshi,colapinto,0.00025,0.00862,0.0,0.05,0.01,1.16,True,,2370.0,20.0,0
backfill,2025,23,pre_weekend,kalshi,ocon,0.00125,0.00862,0.0,0.05,0.01,1.16,True,,2370.0,16.0,0
backfill,2025,23,pre_weekend,kalshi,gasly,0.001,0.00862,0.0,0.05,0.01,1.16,True,,2370.0,9.0,0
backfill,2025,23,pre_weekend,kalshi,stroll,0.0,0.00862,0.0,0.05,0.01,1.16,True,,2370.0,18.0,0
backfill,2025,23,pre_weekend,kalshi,hadjar,0.0025,0.00862,0.0,0.05,0.01,1.16,True,,2370.0,6.0,0
backfill,2025,23,pre_weekend,kalshi,bearman,0.00225,0.00862,0.0,0.05,0.01,1.16,True,,2370.0,13.0,0
backfill,2025,23,pre_weekend,kalshi,hulkenberg,0.001,0.00862,0.0,0.05,0.01,1.16,True,,2370.0,11.0,0
backfill,2025,24,pre_weekend,kalshi,max_verstappen,0.1325,0.35622,0.0,0.05,0.415,1.165,True,0.01,30.0,1.0,1
backfill,2025,24,pre_weekend,kalshi,piastri,0.19625,0.18455,0.505,0.05,0.215,1.165,True,0.01,30.0,3.0,0
backfill,2025,24,pre_weekend,kalshi,norris,0.42125,0.2618,0.4885,0.05,0.305,1.165,True,0.01,30.0,2.0,0
backfill,2025,24,pre_weekend,kalshi,leclerc,0.05525,0.01288,0.0,0.05,0.015,1.165,True,0.01,30.0,5.0,0
backfill,2025,24,pre_weekend,kalshi,russell,0.1505,0.04292,0.00425,0.05,0.05,1.165,True,0.02,30.0,4.0,0
backfill,2025,24,pre_weekend,kalshi,alonso,0.00325,0.00858,0.0,0.05,0.01,1.165,True,,2850.0,6.0,0
backfill,2025,24,pre_weekend,kalshi,ocon,0.00025,0.00858,0.0,0.05,0.01,1.165,True,,570.0,8.0,0
backfill,2025,24,pre_weekend,kalshi,hamilton,0.01,0.00858,0.0,0.05,0.01,1.165,True,,150.0,16.0,0
backfill,2025,24,pre_weekend,kalshi,hulkenberg,0.0015,0.00858,0.0,0.05,0.01,1.165,True,,30.0,18.0,0
backfill,2025,24,pre_weekend,kalshi,stroll,0.00025,0.00858,0.0,0.05,0.01,1.165,True,,2850.0,15.0,0
backfill,2025,24,pre_weekend,kalshi,bortoleto,0.00075,0.00858,0.0,0.05,0.01,1.165,True,,2850.0,7.0,0
backfill,2025,24,pre_weekend,kalshi,bearman,0.00175,0.00858,0.0,0.05,0.01,1.165,True,,2850.0,11.0,0
backfill,2025,24,pre_weekend,kalshi,sainz,0.00275,0.00858,0.0,0.05,0.01,1.165,True,,1590.0,12.0,0
backfill,2025,24,pre_weekend,kalshi,tsunoda,0.0045,0.00858,0.0,0.05,0.01,1.165,True,,2850.0,10.0,0
backfill,2025,24,pre_weekend,kalshi,antonelli,0.01325,0.02146,0.00225,0.05,0.025,1.165,True,0.01,30.0,14.0,0
backfill,2025,24,pre_weekend,kalshi,albon,0.00275,0.00858,0.0,0.05,0.01,1.165,True,,2850.0,17.0,0
backfill,2025,24,pre_weekend,kalshi,hadjar,0.002,0.00858,0.0,0.05,0.01,1.165,True,,2850.0,9.0,0
backfill,2025,24,pre_weekend,kalshi,lawson,0.001,0.00858,0.0,0.05,0.01,1.165,True,,2850.0,13.0,0
backfill,2025,24,pre_weekend,kalshi,gasly,0.00025,0.00858,0.0,0.05,0.01,1.165,True,,2850.0,19.0,0
backfill,2025,24,pre_weekend,kalshi,colapinto,0.0,0.00858,0.0,0.05,0.01,1.165,True,,2850.0,20.0,0
backfill,2026,1,pre_weekend,kalshi,russell,0.15225,0.27982,0.05275,0.05,0.305,1.09,True,0.01,30.0,1.0,1
backfill,2026,1,pre_weekend,kalshi,antonelli,0.012,0.08716,0.052,0.05,0.095,1.09,True,0.01,30.0,2.0,0
backfill,2026,1,pre_weekend,kalshi,leclerc,0.114,0.16055,0.00075,0.05,0.175,1.09,True,0.01,30.0,4.0,0
backfill,2026,1,pre_weekend,kalshi,hamilton,0.019,0.08716,0.0005,0.05,0.095,1.09,True,0.01,30.0,7.0,0
backfill,2026,1,pre_weekend,kalshi,norris,0.2515,0.06881,0.894,0.05,0.075,1.09,True,0.01,30.0,6.0,0
backfill,2026,1,pre_weekend,kalshi,max_verstappen,0.2985,0.18807,0.0,0.05,0.205,1.09,True,0.01,30.0,20.0,0
backfill,2026,1,pre_weekend,kalshi,bearman,0.01,0.00917,0.0,0.05,0.01,1.09,True,,210.0,12.0,0
backfill,2026,1,pre_weekend,kalshi,arvid_lindblad,0.005,0.00917,0.0,0.05,0.01,1.09,True,,2610.0,9.0,0
backfill,2026,1,pre_weekend,kalshi,bortoleto,0.008,0.00917,0.0,0.05,0.01,1.09,True,,330.0,10.0,0
backfill,2026,1,pre_weekend,kalshi,gasly,0.0025,0.00917,0.0,0.05,0.01,1.09,True,,2370.0,14.0,0
backfill,2026,1,pre_weekend,kalshi,ocon,0.00475,0.00917,0.0,0.05,0.01,1.09,True,,2610.0,13.0,0
backfill,2026,1,pre_weekend,kalshi,albon,0.00825,0.00917,0.0,0.05,0.01,1.09,True,,330.0,15.0,0
backfill,2026,1,pre_weekend,kalshi,lawson,0.0015,0.00917,0.0,0.05,0.01,1.09,True,,330.0,8.0,0
backfill,2026,1,pre_weekend,kalshi,colapinto,0.0,0.00917,0.0,0.05,0.01,1.09,True,,1290.0,16.0,0
backfill,2026,1,pre_weekend,kalshi,sainz,0.00975,0.00917,0.0,0.05,0.01,1.09,True,,330.0,21.0,0
backfill,2026,1,pre_weekend,kalshi,perez,0.0015,0.00917,0.0,0.05,0.01,1.09,True,,330.0,18.0,0
backfill,2026,1,pre_weekend,kalshi,stroll,0.00075,0.00917,0.0,0.05,0.01,1.09,True,,1890.0,22.0,0
backfill,2026,1,pre_weekend,kalshi,alonso,0.02825,0.00917,0.0,0.05,0.01,1.09,True,,270.0,17.0,0
backfill,2026,1,pre_weekend,kalshi,bottas,0.01575,0.00917,0.0,0.05,0.01,1.09,True,,1110.0,19.0,0
backfill,2026,1,pre_weekend,kalshi,hadjar,0.05675,0.00917,0.0,0.05,0.01,1.09,True,,30.0,3.0,0
backfill,2026,2,pre_weekend,kalshi,antonelli,0.0545,0.10138,0.487,0.05556,0.11,1.085,True,0.02,30.0,1.0,1
backfill,2026,2,pre_weekend,kalshi,russell,0.565,0.46544,0.50325,0.05556,0.505,1.085,True,0.01,30.0,2.0,0
backfill,2026,2,pre_weekend,kalshi,hamilton,0.03325,0.09677,0.00475,0.05556,0.105,1.085,True,0.01,30.0,3.0,0
backfill,2026,2,pre_weekend,kalshi,leclerc,0.18925,0.12442,0.005,0.05556,0.135,1.085,True,0.01,30.0,4.0,0
backfill,2026,2,pre_weekend,kalshi,bearman,0.003,0.00922,0.0,0.05556,0.01,1.085,True,,330.0,10.0,0
backfill,2026,2,pre_weekend,kalshi,gasly,0.00175,0.00922,0.0,0.05556,0.01,1.085,True,,330.0,7.0,0
backfill,2026,2,pre_weekend,kalshi,lawson,0.00075,0.00922,0.0,0.05556,0.01,1.085,True,,330.0,14.0,0
backfill,2026,2,pre_weekend,kalshi,hadjar,0.02975,0.01382,0.0,0.05556,0.015,1.085,True,0.01,30.0,9.0,0
backfill,2026,2,pre_weekend,kalshi,sainz,0.001,0.00922,0.0,0.05556,0.01,1.085,True,,330.0,17.0,0
backfill,2026,2,pre_weekend,kalshi,colapinto,0.00025,0.00922,0.0,0.05556,0.01,1.085,True,,330.0,12.0,0
backfill,2026,2,pre_weekend,kalshi,hulkenberg,0.004,0.00922,0.0,0.05556,0.01,1.085,True,,330.0,11.0,0
backfill,2026,2,pre_weekend,kalshi,arvid_lindblad,0.0025,0.00922,0.0,0.05556,0.01,1.085,True,,330.0,15.0,0
backfill,2026,2,pre_weekend,kalshi,bottas,0.00025,0.00922,0.0,0.05556,0.01,1.085,True,,330.0,19.0,0
backfill,2026,2,pre_weekend,kalshi,ocon,0.00025,0.00922,0.0,0.05556,0.01,1.085,True,,330.0,13.0,0
backfill,2026,2,pre_weekend,kalshi,perez,0.0,0.00922,0.0,0.05556,0.01,1.085,True,,330.0,21.0,0
backfill,2026,2,pre_weekend,kalshi,max_verstappen,0.113,0.08756,0.0,0.05556,0.095,1.085,True,0.01,30.0,8.0,0
backfill,2026,2,pre_weekend,kalshi,alonso,0.00125,0.00922,0.0,0.05556,0.01,1.085,True,,330.0,18.0,0
backfill,2026,2,pre_weekend,kalshi,stroll,0.00025,0.00922,0.0,0.05556,0.01,1.085,True,,330.0,20.0,0
backfill,2026,3,pre_weekend,kalshi,antonelli,0.0505,0.19481,0.0055,0.04545,0.225,1.13,True,0.01,30.0,1.0,1
backfill,2026,3,pre_weekend,kalshi,piastri,0.08925,0.02165,0.509,0.04545,0.025,1.13,True,0.01,30.0,3.0,0
backfill,2026,3,pre_weekend,kalshi,leclerc,0.12825,0.05628,0.0,0.04545,0.065,1.13,True,0.01,30.0,4.0,0
backfill,2026,3,pre_weekend,kalshi,russell,0.4285,0.50216,0.004,0.04545,0.58,1.13,True,0.02,30.0,2.0,0
backfill,2026,3,pre_weekend,kalshi,norris,0.1745,0.02165,0.4815,0.04545,0.025,1.13,True,0.01,30.0,5.0,0
backfill,2026,3,pre_weekend,kalshi,hamilton,0.02825,0.06494,0.0,0.04545,0.075,1.13,True,0.01,30.0,6.0,0
backfill,2026,3,pre_weekend,kalshi,gasly,0.002,0.00866,0.0,0.04545,0.01,1.13,True,,210.0,7.0,0
backfill,2026,3,pre_weekend,kalshi,max_verstappen,0.067,0.0303,0.0,0.04545,0.035,1.13,True,0.01,30.0,11.0,0
backfill,2026,3,pre_weekend,kalshi,lawson,0.00025,0.00866,0.0,0.04545,0.01,1.13,True,,630.0,14.0,0
backfill,2026,3,pre_weekend,kalshi,ocon,0.00125,0.00433,0.0,0.04545,0.005,1.13,False,,,12.0,0
backfill,2026,3,pre_weekend,kalshi,hulkenberg,0.00275,0.00866,0.0,0.04545,0.01,1.13,True,,630.0,13.0,0
backfill,2026,3,pre_weekend,kalshi,hadjar,0.02025,0.00866,0.0,0.04545,0.01,1.13,True,,210.0,8.0,0
backfill,2026,3,pre_weekend,kalshi,bortoleto,0.00225,0.00433,0.0,0.04545,0.005,1.13,False,,,9.0,0
backfill,2026,3,pre_weekend,kalshi,arvid_lindblad,0.00075,0.00433,0.0,0.04545,0.005,1.13,False,,,10.0,0
backfill,2026,3,pre_weekend,kalshi,sainz,0.0005,0.00866,0.0,0.04545,0.01,1.13,True,,630.0,16.0,0
backfill,2026,3,pre_weekend,kalshi,colapinto,0.0,0.00866,0.0,0.04545,0.01,1.13,True,,630.0,15.0,0
backfill,2026,3,pre_weekend,kalshi,perez,0.0,0.00433,0.0,0.04545,0.005,1.13,False,,,19.0,0
backfill,2026,3,pre_weekend,kalshi,alonso,0.00075,0.00866,0.0,0.04545,0.01,1.13,True,,1290.0,21.0,0
backfill,2026,3,pre_weekend,kalshi,bottas,0.0,0.00433,0.0,0.04545,0.005,1.13,False,,,20.0,0
backfill,2026,3,pre_weekend,kalshi,albon,0.0005,0.00866,0.0,0.04545,0.01,1.13,True,,630.0,17.0,0
backfill,2026,3,pre_weekend,kalshi,stroll,0.0,0.00866,0.0,0.04545,0.01,1.13,True,,4710.0,22.0,0
backfill,2026,3,pre_weekend,kalshi,bearman,0.0025,0.00866,0.0,0.04545,0.01,1.13,True,,210.0,18.0,0
backfill,2026,4,pre_weekend,kalshi,antonelli,0.06025,0.29237,0.00425,0.04545,0.345,1.18,True,0.01,0.0,1.0,1
backfill,2026,4,pre_weekend,kalshi,norris,0.1845,0.05508,0.49525,0.04545,0.065,1.18,True,0.01,0.0,4.0,0
backfill,2026,4,pre_weekend,kalshi,piastri,0.106,0.08051,0.49625,0.04545,0.095,1.18,True,0.01,0.0,7.0,0
backfill,2026,4,pre_weekend,kalshi,russell,0.4025,0.3178,0.004,0.04545,0.375,1.18,True,0.01,0.0,5.0,0
backfill,2026,4,pre_weekend,kalshi,max_verstappen,0.05475,0.02542,0.0,0.04545,0.03,1.18,True,0.02,0.0,2.0,0
backfill,2026,4,pre_weekend,kalshi,hamilton,0.03125,0.03814,0.00025,0.04545,0.045,1.18,True,0.01,0.0,6.0,0
backfill,2026,4,pre_weekend,kalshi,colapinto,0.0,0.00847,0.0,0.04545,0.01,1.18,True,,2160.0,8.0,0
backfill,2026,4,pre_weekend,kalshi,leclerc,0.131,0.06356,0.0,0.04545,0.075,1.18,True,0.01,0.0,3.0,0
backfill,2026,4,pre_weekend,kalshi,sainz,0.0,0.00847,0.0,0.04545,0.01,1.18,True,,660.0,13.0,0
backfill,2026,4,pre_weekend,kalshi,albon,0.0005,0.00847,0.0,0.04545,0.01,1.18,True,,660.0,15.0,0
backfill,2026,4,pre_weekend,kalshi,bearman,0.001,0.00847,0.0,0.04545,0.01,1.18,True,,2100.0,12.0,0
backfill,2026,4,pre_weekend,kalshi,bortoleto,0.002,0.00847,0.0,0.04545,0.01,1.18,True,,2160.0,21.0,0
backfill,2026,4,pre_weekend,kalshi,ocon,0.001,0.00847,0.0,0.04545,0.01,1.18,True,,2160.0,14.0,0
backfill,2026,4,pre_weekend,kalshi,arvid_lindblad,0.001,0.00847,0.0,0.04545,0.01,1.18,True,,2160.0,16.0,0
backfill,2026,4,pre_weekend,kalshi,alonso,0.0005,0.00847,0.0,0.04545,0.01,1.18,True,,660.0,17.0,0
backfill,2026,4,pre_weekend,kalshi,perez,0.0,0.00847,0.0,0.04545,0.01,1.18,True,,180.0,20.0,0
backfill,2026,4,pre_weekend,kalshi,stroll,0.0,0.00847,0.0,0.04545,0.01,1.18,True,,2160.0,18.0,0
backfill,2026,4,pre_weekend,kalshi,bottas,0.0,0.00847,0.0,0.04545,0.01,1.18,True,,180.0,19.0,0
backfill,2026,4,pre_weekend,kalshi,hulkenberg,0.0035,0.00847,0.0,0.04545,0.01,1.18,True,,1440.0,10.0,0
backfill,2026,4,pre_weekend,kalshi,lawson,0.001,0.00847,0.0,0.04545,0.01,1.18,True,,600.0,11.0,0
backfill,2026,4,pre_weekend,kalshi,gasly,0.0015,0.00847,0.0,0.04545,0.01,1.18,True,,2160.0,9.0,0
backfill,2026,4,pre_weekend,kalshi,hadjar,0.01775,0.00847,0.0,0.04545,0.01,1.18,True,,600.0,22.0,0
backfill,2026,5,pre_weekend,kalshi,antonelli,0.08275,0.26141,0.00475,0.04762,0.315,1.205,True,0.01,30.0,2.0,1
backfill,2026,5,pre_weekend,kalshi,hamilton,0.02475,0.02905,0.0,0.04762,0.035,1.205,True,0.03,30.0,5.0,0
backfill,2026,5,pre_weekend,kalshi,max_verstappen,0.0535,0.06639,0.0,0.04762,0.08,1.205,True,0.04,30.0,6.0,0
backfill,2026,5,pre_weekend,kalshi,leclerc,0.11275,0.05394,0.0,0.04762,0.065,1.205,True,0.01,30.0,8.0,0
backfill,2026,5,pre_weekend,kalshi,hadjar,0.016,0.01245,0.0,0.04762,0.015,1.205,True,0.01,6510.0,7.0,0
backfill,2026,5,pre_weekend,kalshi,colapinto,0.0005,0.0083,0.0,0.04762,0.01,1.205,True,,3870.0,10.0,0
backfill,2026,5,pre_weekend,kalshi,lawson,0.0,0.0083,0.0,0.04762,0.01,1.205,True,,6510.0,12.0,0
backfill,2026,5,pre_weekend,kalshi,gasly,0.0015,0.0083,0.0,0.04762,0.01,1.205,True,,6510.0,14.0,0
backfill,2026,5,pre_weekend,kalshi,sainz,0.00075,0.0083,0.0,0.04762,0.01,1.205,True,,3990.0,15.0,0
backfill,2026,5,pre_weekend,kalshi,bearman,0.00175,0.0083,0.0,0.04762,0.01,1.205,True,,6510.0,16.0,0
backfill,2026,5,pre_weekend,kalshi,piastri,0.10125,0.07884,0.49975,0.04762,0.095,1.205,True,0.01,30.0,4.0,0
backfill,2026,5,pre_weekend,kalshi,hulkenberg,0.0015,0.0083,0.0,0.04762,0.01,1.205,True,,6510.0,11.0,0
backfill,2026,5,pre_weekend,kalshi,bortoleto,0.0015,0.0083,0.0,0.04762,0.01,1.205,True,,6510.0,13.0,0
backfill,2026,5,pre_weekend,kalshi,ocon,0.00225,0.0083,0.0,0.04762,0.01,1.205,True,,6510.0,17.0,0
backfill,2026,5,pre_weekend,kalshi,stroll,0.0,0.0083,0.0,0.04762,0.01,1.205,True,,6510.0,22.0,0
backfill,2026,5,pre_weekend,kalshi,bottas,0.0,0.0083,0.0,0.04762,0.01,1.205,True,,6510.0,21.0,0
backfill,2026,5,pre_weekend,kalshi,perez,0.0,0.0083,0.0,0.04762,0.01,1.205,True,,6510.0,20.0,0
backfill,2026,5,pre_weekend,kalshi,norris,0.18575,0.12863,0.48875,0.04762,0.155,1.205,True,0.01,30.0,3.0,0
backfill,2026,5,pre_weekend,kalshi,russell,0.411,0.26141,0.00675,0.04762,0.315,1.205,True,0.01,30.0,1.0,0
backfill,2026,5,pre_weekend,kalshi,alonso,0.00125,0.0083,0.0,0.04762,0.01,1.205,True,,4290.0,19.0,0
backfill,2026,5,pre_weekend,kalshi,albon,0.00125,0.0083,0.0,0.04762,0.01,1.205,True,,6510.0,18.0,0
backfill,2026,6,pre_weekend,kalshi,antonelli,0.11075,0.1441,0.49525,0.04545,0.165,1.145,True,0.01,30.0,1.0,1
backfill,2026,6,pre_weekend,kalshi,hamilton,0.0335,0.13537,0.0,0.04545,0.155,1.145,True,0.01,30.0,3.0,0
backfill,2026,6,pre_weekend,kalshi,hadjar,0.0205,0.00873,0.0,0.04545,0.01,1.145,True,,450.0,5.0,0
backfill,2026,6,pre_weekend,kalshi,piastri,0.06075,0.04803,0.004,0.04545,0.055,1.145,True,0.01,30.0,7.0,0
backfill,2026,6,pre_weekend,kalshi,lawson,0.00025,0.00873,0.0,0.04545,0.01,1.145,True,,3930.0,10.0,0
backfill,2026,6,pre_weekend,kalshi,arvid_lindblad,0.002,0.00873,0.0,0.04545,0.01,1.145,True,,3930.0,15.0,0
backfill,2026,6,pre_weekend,kalshi,gasly,0.00325,0.00873,0.0,0.04545,0.01,1.145,True,,3330.0,9.0,0
backfill,2026,6,pre_weekend,kalshi,albon,0.0,0.00873,0.0,0.04545,0.01,1.145,True,,3450.0,11.0,0
backfill,2026,6,pre_weekend,kalshi,ocon,0.0015,0.00873,0.0,0.04545,0.01,1.145,True,,3450.0,17.0,0
backfill,2026,6,pre_weekend,kalshi,alonso,0.00025,0.00873,0.0,0.04545,0.01,1.145,True,,990.0,21.0,0
backfill,2026,6,pre_weekend,kalshi,bortoleto,0.00075,0.00873,0.0,0.04545,0.01,1.145,True,,3930.0,16.0,0
backfill,2026,6,pre_weekend,kalshi,russell,0.4675,0.10917,0.494,0.04545,0.125,1.145,True,0.01,30.0,6.0,0
backfill,2026,6,pre_weekend,kalshi,hulkenberg,0.00225,0.00873,0.0,0.04545,0.01,1.145,True,,3870.0,13.0,0
backfill,2026,6,pre_weekend,kalshi,colapinto,0.001,0.00873,0.0,0.04545,0.01,1.145,True,,3930.0,14.0,0
backfill,2026,6,pre_weekend,kalshi,perez,0.0,0.00873,0.0,0.04545,0.01,1.145,True,,2070.0,18.0,0
backfill,2026,6,pre_weekend,kalshi,sainz,0.00125,0.00873,0.0,0.04545,0.01,1.145,True,,510.0,12.0,0
backfill,2026,6,pre_weekend,kalshi,leclerc,0.116,0.28384,0.00025,0.04545,0.325,1.145,True,0.01,30.0,4.0,0
backfill,2026,6,pre_weekend,kalshi,stroll,0.0,0.00873,0.0,0.04545,0.01,1.145,True,,510.0,22.0,0
backfill,2026,6,pre_weekend,kalshi,norris,0.11325,0.0917,0.0065,0.04545,0.105,1.145,True,0.01,30.0,8.0,0
backfill,2026,6,pre_weekend,kalshi,bearman,0.00175,0.00873,0.0,0.04545,0.01,1.145,True,,510.0,19.0,0
backfill,2026,6,pre_weekend,kalshi,bottas,0.0,0.00873,0.0,0.04545,0.01,1.145,True,,3930.0,20.0,0
backfill,2026,6,pre_weekend,kalshi,max_verstappen,0.0635,0.05677,0.0,0.04545,0.065,1.145,True,0.01,30.0,2.0,0
backfill,2026,7,pre_weekend,kalshi,hamilton,0.05,0.04918,0.005,0.04545,0.06,1.22,True,0.02,30.0,2.0,1
backfill,2026,7,pre_weekend,kalshi,russell,0.367,0.20492,0.49475,0.04545,0.25,1.22,True,0.02,30.0,1.0,0
backfill,2026,7,pre_weekend,kalshi,norris,0.10875,0.04918,0.0,0.04545,0.06,1.22,True,0.02,30.0,4.0,0
backfill,2026,7,pre_weekend,kalshi,max_verstappen,0.095,0.09016,0.0,0.04545,0.11,1.22,True,0.02,30.0,5.0,0
backfill,2026,7,pre_weekend,kalshi,piastri,0.06575,0.03689,0.001,0.04545,0.045,1.22,True,0.01,30.0,7.0,0
backfill,2026,7,pre_weekend,kalshi,hadjar,0.03525,0.0123,0.0,0.04545,0.015,1.22,True,0.01,270.0,6.0,0
backfill,2026,7,pre_weekend,kalshi,gasly,0.003,0.0082,0.0,0.04545,0.01,1.22,True,,330.0,14.0,0
backfill,2026,7,pre_weekend,kalshi,lawson,0.00175,0.0082,0.0,0.04545,0.01,1.22,True,,330.0,8.0,0
backfill,2026,7,pre_weekend,kalshi,arvid_lindblad,0.00325,0.0082,0.0,0.04545,0.01,1.22,True,,330.0,11.0,0
backfill,2026,7,pre_weekend,kalshi,colapinto,0.0005,0.0082,0.0,0.04545,0.01,1.22,True,,330.0,13.0,0
backfill,2026,7,pre_weekend,kalshi,bortoleto,0.00025,0.0082,0.0,0.04545,0.01,1.22,True,,330.0,12.0,0
backfill,2026,7,pre_weekend,kalshi,sainz,0.001,0.0082,0.0,0.04545,0.01,1.22,True,,330.0,16.0,0
backfill,2026,7,pre_weekend,kalshi,ocon,0.001,0.0082,0.0,0.04545,0.01,1.22,True,,330.0,17.0,0
backfill,2026,7,pre_weekend,kalshi,perez,0.0,0.0082,0.0,0.04545,0.01,1.22,True,,1170.0,19.0,0
backfill,2026,7,pre_weekend,kalshi,leclerc,0.16275,0.04098,0.00975,0.04545,0.05,1.22,True,0.02,30.0,10.0,0
backfill,2026,7,pre_weekend,kalshi,antonelli,0.09825,0.40164,0.4895,0.04545,0.49,1.22,True,0.02,30.0,3.0,0
backfill,2026,7,pre_weekend,kalshi,bearman,0.0015,0.0082,0.0,0.04545,0.01,1.22,True,,330.0,15.0,0
backfill,2026,7,pre_weekend,kalshi,albon,0.001,0.0082,0.0,0.04545,0.01,1.22,True,,330.0,18.0,0
backfill,2026,7,pre_weekend,kalshi,alonso,0.001,0.0082,0.0,0.04545,0.01,1.22,True,,4830.0,22.0,0
backfill,2026,7,pre_weekend,kalshi,hulkenberg,0.003,0.0082,0.0,0.04545,0.01,1.22,True,,330.0,9.0,0
backfill,2026,7,pre_weekend,kalshi,bottas,0.0,0.0082,0.0,0.04545,0.01,1.22,True,,5370.0,20.0,0
backfill,2026,7,pre_weekend,kalshi,stroll,0.0,0.0082,0.0,0.04545,0.01,1.22,True,,3630.0,21.0,0
backfill,2026,8,pre_weekend,kalshi,russell,0.284,0.16525,0.01125,0.04545,0.195,1.18,True,0.01,30.0,1.0,1
backfill,2026,8,pre_weekend,kalshi,max_verstappen,0.14425,0.08898,0.0,0.04545,0.105,1.18,True,0.01,30.0,5.0,0
backfill,2026,8,pre_weekend,kalshi,antonelli,0.08975,0.26695,0.00825,0.04545,0.315,1.18,True,0.01,30.0,4.0,0
backfill,2026,8,pre_weekend,kalshi,piastri,0.09075,0.02119,0.50375,0.04545,0.025,1.18,True,0.01,30.0,7.0,0
backfill,2026,8,pre_weekend,kalshi,hamilton,0.0505,0.18644,0.00025,0.04545,0.22,1.18,True,0.02,30.0,3.0,0
backfill,2026,8,pre_weekend,kalshi,hadjar,0.045,0.00847,0.0,0.04545,0.01,1.18,True,,750.0,8.0,0
backfill,2026,8,pre_weekend,kalshi,norris,0.1415,0.04661,0.47625,0.04545,0.055,1.18,True,0.01,30.0,6.0,0
backfill,2026,8,pre_weekend,kalshi,leclerc,0.1345,0.09746,0.00025,0.04545,0.115,1.18,True,0.01,30.0,2.0,0
backfill,2026,8,pre_weekend,kalshi,lawson,0.002,0.00847,0.0,0.04545,0.01,1.18,True,,5310.0,9.0,0
backfill,2026,8,pre_weekend,kalshi,arvid_lindblad,0.0015,0.00847,0.0,0.04545,0.01,1.18,True,,3030.0,10.0,0
backfill,2026,8,pre_weekend,kalshi,bortoleto,0.002,0.00847,0.0,0.04545,0.01,1.18,True,,150.0,12.0,0
backfill,2026,8,pre_weekend,kalshi,hulkenberg,0.00125,0.00847,0.0,0.04545,0.01,1.18,True,,1230.0,14.0,0
backfill,2026,8,pre_weekend,kalshi,gasly,0.00475,0.00847,0.0,0.04545,0.01,1.18,True,,5310.0,11.0,0
backfill,2026,8,pre_weekend,kalshi,bearman,0.00325,0.00847,0.0,0.04545,0.01,1.18,True,,5310.0,13.0,0
backfill,2026,8,pre_weekend,kalshi,colapinto,0.0015,0.00847,0.0,0.04545,0.01,1.18,True,,5310.0,16.0,0
backfill,2026,8,pre_weekend,kalshi,ocon,0.00125,0.00847,0.0,0.04545,0.01,1.18,True,,150.0,15.0,0
backfill,2026,8,pre_weekend,kalshi,albon,0.00125,0.00847,0.0,0.04545,0.01,1.18,True,,150.0,18.0,0
backfill,2026,8,pre_weekend,kalshi,alonso,0.00025,0.00847,0.0,0.04545,0.01,1.18,True,,1890.0,21.0,0
backfill,2026,8,pre_weekend,kalshi,stroll,0.0,0.00847,0.0,0.04545,0.01,1.18,True,,5370.0,22.0,0
backfill,2026,8,pre_weekend,kalshi,sainz,0.00075,0.00847,0.0,0.04545,0.01,1.18,True,,810.0,17.0,0
backfill,2026,8,pre_weekend,kalshi,perez,0.0,0.00847,0.0,0.04545,0.01,1.18,True,,5070.0,19.0,0
backfill,2026,8,pre_weekend,kalshi,bottas,0.0,0.00847,0.0,0.04545,0.01,1.18,True,,3030.0,20.0,0
backfill,2026,9,pre_weekend,kalshi,leclerc,0.12375,0.03689,0.0005,0.04545,0.045,1.22,True,0.01,30.0,2.0,1
backfill,2026,9,pre_weekend,kalshi,russell,0.33675,0.20082,0.47975,0.04545,0.245,1.22,True,0.01,30.0,4.0,0
backfill,2026,9,pre_weekend,kalshi,hamilton,0.04975,0.13115,0.0,0.04545,0.16,1.22,True,0.02,30.0,3.0,0
backfill,2026,9,pre_weekend,kalshi,norris,0.12225,0.03689,0.0075,0.04545,0.045,1.22,True,0.01,30.0,6.0,0
backfill,2026,9,pre_weekend,kalshi,hadjar,0.04175,0.0082,0.0,0.04545,0.01,1.22,True,,150.0,5.0,0
backfill,2026,9,pre_weekend,kalshi,lawson,0.00225,0.0082,0.0,0.04545,0.01,1.22,True,,16350.0,10.0,0
backfill,2026,9,pre_weekend,kalshi,arvid_lindblad,0.0015,0.0082,0.0,0.04545,0.01,1.22,True,,4710.0,9.0,0
backfill,2026,9,pre_weekend,kalshi,bortoleto,0.0025,0.0082,0.0,0.04545,0.01,1.22,True,,16350.0,11.0,0
backfill,2026,9,pre_weekend,kalshi,colapinto,0.002,0.0082,0.0,0.04545,0.01,1.22,True,,16350.0,19.0,0
backfill,2026,9,pre_weekend,kalshi,gasly,0.0025,0.0082,0.0,0.04545,0.01,1.22,True,,13590.0,15.0,0
backfill,2026,9,pre_weekend,kalshi,piastri,0.06725,0.02459,0.0095,0.04545,0.03,1.22,True,0.02,30.0,8.0,0
backfill,2026,9,pre_weekend,kalshi,bearman,0.00025,0.0082,0.0,0.04545,0.01,1.22,True,,16350.0,13.0,0
backfill,2026,9,pre_weekend,kalshi,ocon,0.001,0.0082,0.0,0.04545,0.01,1.22,True,,16350.0,17.0,0
backfill,2026,9,pre_weekend,kalshi,perez,0.0,0.0082,0.0,0.04545,0.01,1.22,True,,3510.0,20.0,0
backfill,2026,9,pre_weekend,kalshi,antonelli,0.08875,0.31148,0.50275,0.04545,0.38,1.22,True,0.02,30.0,1.0,0
backfill,2026,9,pre_weekend,kalshi,bottas,0.0,0.0082,0.0,0.04545,0.01,1.22,True,,1890.0,18.0,0
backfill,2026,9,pre_weekend,kalshi,sainz,0.0005,0.0082,0.0,0.04545,0.01,1.22,True,,1650.0,14.0,0
backfill,2026,9,pre_weekend,kalshi,alonso,0.0005,0.0082,0.0,0.04545,0.01,1.22,True,,1890.0,21.0,0
backfill,2026,9,pre_weekend,kalshi,stroll,0.0,0.0082,0.0,0.04545,0.01,1.22,True,,16350.0,22.0,0
backfill,2026,9,pre_weekend,kalshi,max_verstappen,0.15425,0.13525,0.0,0.04545,0.165,1.22,True,0.01,30.0,7.0,0
backfill,2026,9,pre_weekend,kalshi,albon,0.0005,0.0082,0.0,0.04545,0.01,1.22,True,,10770.0,16.0,0
backfill,2026,9,pre_weekend,kalshi,hulkenberg,0.002,0.0082,0.0,0.04545,0.01,1.22,True,,270.0,12.0,0
backfill,2026,10,pre_weekend,kalshi,antonelli,0.09875,0.31004,0.01125,0.04545,0.355,1.145,True,0.01,30.0,1.0,1
backfill,2026,10,pre_weekend,kalshi,leclerc,0.1725,0.0917,0.4865,0.04545,0.105,1.145,True,0.01,30.0,4.0,0
backfill,2026,10,pre_weekend,kalshi,max_verstappen,0.11325,0.0655,0.0,0.04545,0.075,1.145,True,0.01,30.0,2.0,0
backfill,2026,10,pre_weekend,kalshi,hamilton,0.07075,0.16157,0.49375,0.04545,0.185,1.145,True,0.01,90.0,5.0,0
backfill,2026,10,pre_weekend,kalshi,piastri,0.0615,0.0131,0.0,0.04545,0.015,1.145,True,0.01,30.0,6.0,0
backfill,2026,10,pre_weekend,kalshi,hadjar,0.044,0.00873,0.0,0.04545,0.01,1.145,True,,270.0,21.0,0
backfill,2026,10,pre_weekend,kalshi,norris,0.11725,0.02183,0.00025,0.04545,0.025,1.145,True,0.01,30.0,13.0,0
backfill,2026,10,pre_weekend,kalshi,bortoleto,0.00275,0.00873,0.0,0.04545,0.01,1.145,True,,930.0,8.0,0
backfill,2026,10,pre_weekend,kalshi,arvid_lindblad,0.00525,0.00873,0.0,0.04545,0.01,1.145,True,,90.0,7.0,0
backfill,2026,10,pre_weekend,kalshi,colapinto,0.001,0.00873,0.0,0.04545,0.01,1.145,True,,1110.0,11.0,0
backfill,2026,10,pre_weekend,kalshi,gasly,0.0035,0.00873,0.0,0.04545,0.01,1.145,True,,1110.0,10.0,0
backfill,2026,10,pre_weekend,kalshi,lawson,0.002,0.00873,0.0,0.04545,0.01,1.145,True,,630.0,9.0,0
backfill,2026,10,pre_weekend,kalshi,hulkenberg,0.0025,0.00873,0.0,0.04545,0.01,1.145,True,,870.0,12.0,0
backfill,2026,10,pre_weekend,kalshi,bearman,0.0015,0.00873,0.0,0.04545,0.01,1.145,True,,1110.0,14.0,0
backfill,2026,10,pre_weekend,kalshi,albon,0.00075,0.00873,0.0,0.04545,0.01,1.145,True,,1290.0,15.0,0
backfill,2026,10,pre_weekend,kalshi,sainz,0.0005,0.00873,0.0,0.04545,0.01,1.145,True,,1650.0,19.0,0
backfill,2026,10,pre_weekend,kalshi,ocon,0.001,0.00873,0.0,0.04545,0.01,1.145,True,,1110.0,16.0,0
backfill,2026,10,pre_weekend,kalshi,bottas,0.0,0.00873,0.0,0.04545,0.01,1.145,True,,1050.0,17.0,0
backfill,2026,10,pre_weekend,kalshi,alonso,0.00025,0.00873,0.0,0.04545,0.01,1.145,True,,1650.0,22.0,0
backfill,2026,10,pre_weekend,kalshi,stroll,0.0,0.00873,0.0,0.04545,0.01,1.145,True,,1110.0,20.0,0
backfill,2026,10,pre_weekend,kalshi,perez,0.0,0.00873,0.0,0.04545,0.01,1.145,True,,1110.0,18.0,0
backfill,2026,10,pre_weekend,kalshi,russell,0.301,0.20524,0.00825,0.04545,0.235,1.145,True,0.01,30.0,3.0,0
backfill,2026,11,pre_weekend,kalshi,norris,0.07975,0.04977,0.0,0.04545,0.055,1.085,True,0.01,30.0,1.0,1
backfill,2026,11,pre_weekend,kalshi,max_verstappen,0.106,0.07692,0.0,0.04545,0.085,1.085,True,0.01,30.0,4.0,0
backfill,2026,11,pre_weekend,kalshi,antonelli,0.1025,0.33937,0.48625,0.04545,0.375,1.085,True,0.01,30.0,7.0,0
backfill,2026,11,pre_weekend,kalshi,leclerc,0.18525,0.14027,0.011,0.04545,0.155,1.085,True,0.01,30.0,2.0,0
backfill,2026,11,pre_weekend,kalshi,hamilton,0.07175,0.15837,0.0095,0.04545,0.175,1.085,True,0.01,30.0,5.0,0
backfill,2026,11,pre_weekend,kalshi,hadjar,0.02975,0.00905,0.0,0.04545,0.01,1.085,True,,390.0,8.0,0
backfill,2026,11,pre_weekend,kalshi,russell,0.34525,0.10407,0.49325,0.04545,0.115,1.085,True,0.01,30.0,6.0,0
backfill,2026,11,pre_weekend,kalshi,lawson,0.00375,0.00905,0.0,0.04545,0.01,1.085,True,,4950.0,11.0,0
backfill,2026,11,pre_weekend,kalshi,hulkenberg,0.00475,0.00905,0.0,0.04545,0.01,1.085,True,,1170.0,10.0,0
backfill,2026,11,pre_weekend,kalshi,arvid_lindblad,0.005,0.00452,0.0,0.04545,0.005,1.085,False,,,9.0,0
backfill,2026,11,pre_weekend,kalshi,bortoleto,0.00125,0.00905,0.0,0.04545,0.01,1.085,True,,1410.0,14.0,0
backfill,2026,11,pre_weekend,kalshi,gasly,0.00325,0.00452,0.0,0.04545,0.005,1.085,False,,,12.0,0
backfill,2026,11,pre_weekend,kalshi,stroll,0.0,0.00452,0.0,0.04545,0.005,1.085,False,,,20.0,0
backfill,2026,11,pre_weekend,kalshi,alonso,0.0,0.00905,0.0,0.04545,0.01,1.085,True,,450.0,16.0,0
backfill,2026,11,pre_weekend,kalshi,colapinto,0.001,0.00905,0.0,0.04545,0.01,1.085,True,,4830.0,13.0,0
backfill,2026,11,pre_weekend,kalshi,ocon,0.00075,0.00905,0.0,0.04545,0.01,1.085,True,,4710.0,15.0,0
backfill,2026,11,pre_weekend,kalshi,albon,0.0005,0.00905,0.0,0.04545,0.01,1.085,True,,4710.0,19.0,0
backfill,2026,11,pre_weekend,kalshi,sainz,0.001,0.00905,0.0,0.04545,0.01,1.085,True,,5430.0,18.0,0
backfill,2026,11,pre_weekend,kalshi,bearman,0.00025,0.00452,0.0,0.04545,0.005,1.085,False,,,17.0,0
backfill,2026,11,pre_weekend,kalshi,piastri,0.058,0.01357,0.0,0.04545,0.015,1.085,True,0.01,30.0,3.0,0
backfill,2026,11,pre_weekend,kalshi,perez,0.0,0.00905,0.0,0.04545,0.01,1.085,True,,210.0,22.0,0
backfill,2026,11,pre_weekend,kalshi,bottas,0.00025,0.00905,0.0,0.04545,0.01,1.085,True,,30.0,21.0,0
backfill,2026,12,pre_weekend,kalshi,norris,0.1175,0.16372,0.002,0.04545,0.185,1.105,True,0.01,30.0,1.0,1
backfill,2026,12,pre_weekend,kalshi,antonelli,0.09525,0.26991,0.49975,0.04545,0.305,1.105,True,0.01,30.0,3.0,0
backfill,2026,12,pre_weekend,kalshi,russell,0.276,0.08407,0.476,0.04545,0.095,1.105,True,0.01,30.0,2.0,0
backfill,2026,12,pre_weekend,kalshi,hamilton,0.07325,0.12832,0.00975,0.04545,0.145,1.105,True,0.01,30.0,5.0,0
backfill,2026,12,pre_weekend,kalshi,leclerc,0.18125,0.09292,0.009,0.04545,0.105,1.105,True,0.01,30.0,6.0,0
backfill,2026,12,pre_weekend,kalshi,piastri,0.073,0.04867,0.0035,0.04545,0.055,1.105,True,0.01,30.0,4.0,0
backfill,2026,12,pre_weekend,kalshi,lawson,0.027,0.00885,0.0,0.04545,0.01,1.105,True,,270.0,8.0,0
backfill,2026,12,pre_weekend,kalshi,hulkenberg,0.002,0.00885,0.0,0.04545,0.01,1.105,True,,3870.0,13.0,0
backfill,2026,12,pre_weekend,kalshi,alonso,0.0,0.00885,0.0,0.04545,0.01,1.105,True,,570.0,18.0,0
backfill,2026,12,pre_weekend,kalshi,gasly,0.0025,0.00885,0.0,0.04545,0.01,1.105,True,,9030.0,11.0,0
backfill,2026,12,pre_weekend,kalshi,tsunoda,0.0025,0.00442,0.0,0.04545,0.005,1.105,False,,,12.0,0
backfill,2026,12,pre_weekend,kalshi,arvid_lindblad,0.00375,0.00442,0.0,0.04545,0.005,1.105,False,,,10.0,0
backfill,2026,12,pre_weekend,kalshi,bortoleto,0.004,0.00885,0.0,0.04545,0.01,1.105,True,,210.0,9.0,0
backfill,2026,12,pre_weekend,kalshi,colapinto,0.0015,0.00885,0.0,0.04545,0.01,1.105,True,,990.0,14.0,0
backfill,2026,12,pre_weekend,kalshi,perez,0.0,0.00885,0.0,0.04545,0.01,1.105,True,,13710.0,22.0,0
backfill,2026,12,pre_weekend,kalshi,sainz,0.00075,0.00885,0.0,0.04545,0.01,1.105,True,,630.0,17.0,0
backfill,2026,12,pre_weekend,kalshi,albon,0.00025,0.00885,0.0,0.04545,0.01,1.105,True,,3330.0,16.0,0
backfill,2026,12,pre_weekend,kalshi,bottas,0.0,0.00442,0.0,0.04545,0.005,1.105,False,,,21.0,0
backfill,2026,12,pre_weekend,kalshi,ocon,0.0005,0.00442,0.0,0.04545,0.005,1.105,False,,,15.0,0
backfill,2026,12,pre_weekend,kalshi,stroll,0.0,0.00885,0.0,0.04545,0.01,1.105,True,,14910.0,19.0,0
backfill,2026,12,pre_weekend,kalshi,bearman,0.00075,0.00442,0.0,0.04545,0.005,1.105,False,,,20.0,0
backfill,2026,12,pre_weekend,kalshi,max_verstappen,0.13825,0.10177,0.0,0.04545,0.115,1.105,True,0.01,30.0,7.0,0
backfill,2026,13,pre_weekend,kalshi,antonelli,0.11725,0.06522,0.505,0.04545,0.075,1.145,True,0.01,30.0,19.0,1
backfill,2026,13,pre_weekend,kalshi,russell,0.28825,0.23043,0.474,0.04545,0.265,1.145,True,0.01,30.0,2.0,0
backfill,2026,13,pre_weekend,kalshi,max_verstappen,0.10875,0.04783,0.0,0.04545,0.055,1.145,True,0.01,30.0,5.0,0
backfill,2026,13,pre_weekend,kalshi,norris,0.12875,0.27391,0.00975,0.04545,0.315,1.145,True,0.01,90.0,8.0,0
backfill,2026,13,pre_weekend,kalshi,piastri,0.076,0.03913,0.01125,0.04545,0.045,1.145,True,0.01,30.0,6.0,0
backfill,2026,13,pre_weekend,kalshi,hamilton,0.07025,0.1087,0.0,0.04545,0.125,1.145,True,0.01,30.0,4.0,0
backfill,2026,13,pre_weekend,kalshi,gasly,0.003,0.0087,0.0,0.04545,0.01,1.145,True,,8850.0,1.0,0
backfill,2026,13,pre_weekend,kalshi,arvid_lindblad,0.00525,0.0087,0.0,0.04545,0.01,1.145,True,,8370.0,9.0,0
backfill,2026,13,pre_weekend,kalshi,colapinto,0.00075,0.0087,0.0,0.04545,0.01,1.145,True,,1170.0,7.0,0
backfill,2026,13,pre_weekend,kalshi,tsunoda,0.002,0.00435,0.0,0.04545,0.005,1.145,False,,,15.0,0
backfill,2026,13,pre_weekend,kalshi,bortoleto,0.0025,0.0087,0.0,0.04545,0.01,1.145,True,,6510.0,10.0,0
backfill,2026,13,pre_weekend,kalshi,hulkenberg,0.0045,0.0087,0.0,0.04545,0.01,1.145,True,,8370.0,12.0,0
backfill,2026,13,pre_weekend,kalshi,sainz,0.00025,0.0087,0.0,0.04545,0.01,1.145,True,,8430.0,13.0,0
backfill,2026,13,pre_weekend,kalshi,lawson,0.02225,0.0087,0.0,0.04545,0.01,1.145,True,,390.0,22.0,0
backfill,2026,13,pre_weekend,kalshi,bearman,0.00075,0.0087,0.0,0.04545,0.01,1.145,True,,8910.0,11.0,0
backfill,2026,13,pre_weekend,kalshi,ocon,0.00025,0.0087,0.0,0.04545,0.01,1.145,True,,8670.0,14.0,0
backfill,2026,13,pre_weekend,kalshi,albon,0.0,0.0087,0.0,0.04545,0.01,1.145,True,,7650.0,20.0,0
backfill,2026,13,pre_weekend,kalshi,perez,0.00025,0.0087,0.0,0.04545,0.01,1.145,True,,1590.0,17.0,0
backfill,2026,13,pre_weekend,kalshi,bottas,0.0,0.0087,0.0,0.04545,0.01,1.145,True,,5850.0,16.0,0
backfill,2026,13,pre_weekend,kalshi,stroll,0.0,0.0087,0.0,0.04545,0.01,1.145,True,,8370.0,18.0,0
backfill,2026,13,pre_weekend,kalshi,alonso,0.0005,0.0087,0.0,0.04545,0.01,1.145,True,,1170.0,21.0,0
backfill,2026,13,pre_weekend,kalshi,leclerc,0.1685,0.1087,0.0,0.04545,0.125,1.145,True,0.01,30.0,3.0,0
backfill,2026,14,pre_weekend,kalshi,antonelli,0.10475,0.29339,0.48475,0.04545,0.355,1.195,True,0.01,30.0,2.0,1
backfill,2026,14,pre_weekend,kalshi,max_verstappen,0.0925,0.07851,0.0,0.04545,0.095,1.195,True,0.01,30.0,3.0,0
backfill,2026,14,pre_weekend,kalshi,norris,0.13525,0.19421,0.008,0.04545,0.235,1.195,True,0.01,30.0,1.0,0
backfill,2026,14,pre_weekend,kalshi,leclerc,0.1505,0.07025,0.0005,0.04545,0.085,1.195,True,0.01,30.0,5.0,0
backfill,2026,14,pre_weekend,kalshi,russell,0.321,0.11157,0.499,0.04545,0.135,1.195,True,0.01,30.0,6.0,0
backfill,2026,14,pre_weekend,kalshi,lawson,0.022,0.00826,0.0,0.04545,0.01,1.195,True,,3270.0,8.0,0
backfill,2026,14,pre_weekend,kalshi,colapinto,0.0005,0.00826,0.0,0.04545,0.01,1.195,True,,870.0,9.0,0
backfill,2026,14,pre_weekend,kalshi,piastri,0.08175,0.04545,0.0075,0.04545,0.055,1.195,True,0.01,30.0,7.0,0
backfill,2026,14,pre_weekend,kalshi,arvid_lindblad,0.0065,0.00826,0.0,0.04545,0.01,1.195,True,,630.0,10.0,0
backfill,2026,14,pre_weekend,kalshi,hulkenberg,0.003,0.00413,0.0,0.04545,0.005,1.195,False,,,11.0,0
backfill,2026,14,pre_weekend,kalshi,ocon,0.00025,0.00826,0.0,0.04545,0.01,1.195,True,,390.0,13.0,0
backfill,2026,14,pre_weekend,kalshi,gasly,0.005,0.00826,0.0,0.04545,0.01,1.195,True,,390.0,14.0,0
backfill,2026,14,pre_weekend,kalshi,bortoleto,0.003,0.00826,0.0,0.04545,0.01,1.195,True,,2010.0,12.0,0
backfill,2026,14,pre_weekend,kalshi,tsunoda,0.00275,0.00413,0.0,0.04545,0.005,1.195,False,,,15.0,0
backfill,2026,14,pre_weekend,kalshi,albon,0.0,0.00826,0.0,0.04545,0.01,1.195,True,,390.0,16.0,0
backfill,2026,14,pre_weekend,kalshi,bearman,0.0005,0.00413,0.0,0.04545,0.005,1.195,False,,,22.0,0
backfill,2026,14,pre_weekend,kalshi,alonso,0.0005,0.00826,0.0,0.04545,0.01,1.195,True,,630.0,17.0,0
backfill,2026,14,pre_weekend,kalshi,bottas,0.0,0.00826,0.0,0.04545,0.01,1.195,True,,3270.0,19.0,0
backfill,2026,14,pre_weekend,kalshi,sainz,0.0,0.00826,0.0,0.04545,0.01,1.195,True,,1230.0,20.0,0
backfill,2026,14,pre_weekend,kalshi,perez,0.0,0.00826,0.0,0.04545,0.01,1.195,True,,990.0,18.0,0
backfill,2026,14,pre_weekend,kalshi,stroll,0.00025,0.00826,0.0,0.04545,0.01,1.195,True,,870.0,21.0,0
backfill,2026,14,pre_weekend,kalshi,hamilton,0.07,0.09504,0.00025,0.04545,0.115,1.195,True,0.01,30.0,4.0,0
backfill,2026,15,pre_weekend,kalshi,russell,0.30875,0.09787,0.48725,0.04545,0.115,1.165,True,0.01,30.0,1.0,1
backfill,2026,15,pre_weekend,kalshi,max_verstappen,0.11225,0.08936,0.0,0.04545,0.105,1.165,True,0.01,30.0,8.0,0
backfill,2026,15,pre_weekend,kalshi,hadjar,0.031,0.00851,0.0,0.04545,0.01,1.165,True,,1470.0,4.0,0
backfill,2026,15,pre_weekend,kalshi,leclerc,0.144,0.05532,0.00025,0.04545,0.065,1.165,True,0.01,30.0,2.0,0
backfill,2026,15,pre_weekend,kalshi,antonelli,0.11325,0.3617,0.49425,0.04545,0.425,1.165,True,0.01,30.0,16.0,0
backfill,2026,15,pre_weekend,kalshi,hamilton,0.072,0.07234,0.0005,0.04545,0.085,1.165,True,0.01,30.0,6.0,0
backfill,2026,15,pre_weekend,kalshi,arvid_lindblad,0.006,0.00851,0.0,0.04545,0.01,1.165,True,,6270.0,15.0,0
backfill,2026,15,pre_weekend,kalshi,ocon,0.0,0.00426,0.0,0.04545,0.005,1.165,False,,,13.0,0
backfill,2026,15,pre_weekend,kalshi,bearman,0.0,0.00851,0.0,0.04545,0.01,1.165,True,,270.0,10.0,0
backfill,2026,15,pre_weekend,kalshi,sainz,0.00025,0.00851,0.0,0.04545,0.01,1.165,True,,1890.0,14.0,0
backfill,2026,15,pre_weekend,kalshi,hulkenberg,0.0025,0.00851,0.0,0.04545,0.01,1.165,True,,12390.0,18.0,0
backfill,2026,15,pre_weekend,kalshi,lawson,0.0015,0.00426,0.0,0.04545,0.005,1.165,False,,,11.0,0
backfill,2026,15,pre_weekend,kalshi,piastri,0.073,0.02128,0.009,0.04545,0.025,1.165,True,0.01,30.0,3.0,0
backfill,2026,15,pre_weekend,kalshi,perez,0.0,0.00851,0.0,0.04545,0.01,1.165,True,,30.0,20.0,0
backfill,2026,15,pre_weekend,kalshi,bortoleto,0.00325,0.00851,0.0,0.04545,0.01,1.165,True,,1710.0,17.0,0
backfill,2026,15,pre_weekend,kalshi,bottas,0.0005,0.00851,0.0,0.04545,0.01,1.165,True,,1830.0,19.0,0
backfill,2026,15,pre_weekend,kalshi,colapinto,0.00175,0.00851,0.0,0.04545,0.01,1.165,True,,10590.0,9.0,0
backfill,2026,15,pre_weekend,kalshi,gasly,0.0065,0.00851,0.0,0.04545,0.01,1.165,True,,10590.0,7.0,0
backfill,2026,15,pre_weekend,kalshi,norris,0.12275,0.18298,0.00875,0.04545,0.215,1.165,True,0.01,30.0,5.0,0
backfill,2026,15,pre_weekend,kalshi,albon,0.00075,0.00851,0.0,0.04545,0.01,1.165,True,,4470.0,12.0,0
backfill,2026,15,pre_weekend,kalshi,alonso,0.0,0.00851,0.0,0.04545,0.01,1.165,True,,1830.0,21.0,0
backfill,2026,15,pre_weekend,kalshi,stroll,0.0,0.00851,0.0,0.04545,0.01,1.165,True,,8130.0,22.0,0
backfill,2025,1,post_quali,kalshi,norris,0.42175,0.25,0.94425,0.05,0.39,1.5,True,,90.0,1.0,1
backfill,2025,1,post_quali,kalshi,max_verstappen,0.10575,0.17949,0.00375,0.05,0.28,1.5,True,,30.0,3.0,0
backfill,2025,1,post_quali,kalshi,russell,0.18375,0.05128,0.00025,0.05,0.08,1.5,True,,90.0,4.0,0
backfill,2025,1,post_quali,kalshi,antonelli,0.0005,0.01282,0.0,0.05,0.02,1.5,True,,30.0,16.0,0
backfill,2025,1,post_quali,kalshi,albon,0.00025,0.00321,0.0,0.05,0.005,1.5,False,,,6.0,0
backfill,2025,1,post_quali,kalshi,stroll,0.0,0.00321,0.0,0.05,0.005,1.5,False,,,13.0,0
backfill,2025,1,post_quali,kalshi,hulkenberg,0.0,0.00321,0.0,0.05,0.005,1.5,False,,,17.0,0
backfill,2025,1,post_quali,kalshi,leclerc,0.06475,0.13462,0.0,0.05,0.21,1.5,True,0.08,150.0,7.0,0
backfill,2025,1,post_quali,kalshi,piastri,0.1885,0.12821,0.05175,0.05,0.2,1.5,True,,90.0,2.0,0
backfill,2025,1,post_quali,kalshi,hamilton,0.02525,0.04487,0.0,0.05,0.07,1.5,True,,30.0,8.0,0
backfill,2025,1,post_quali,kalshi,gasly,0.0035,0.00321,0.0,0.05,0.005,1.5,False,,,9.0,0
backfill,2025,1,post_quali,kalshi,tsunoda,0.00525,0.00321,0.0,0.05,0.005,1.5,False,,,5.0,0
backfill,2025,1,post_quali,kalshi,ocon,0.0,0.00321,0.0,0.05,0.005,1.5,False,,,19.0,0
backfill,2025,1,post_quali,kalshi,bearman,0.0,0.00321,0.0,0.05,0.005,1.5,False,,,20.0,0
backfill,2025,1,post_quali,kalshi,lawson,0.0005,0.00321,0.0,0.05,0.005,1.5,False,,,18.0,0
backfill,2025,1,post_quali,kalshi,bortoleto,0.0,0.00321,0.0,0.05,0.005,1.5,False,,,15.0,0
backfill,2025,1,post_quali,kalshi,alonso,0.0,0.00321,0.0,0.05,0.005,1.5,False,,,12.0,0
backfill,2025,1,post_quali,kalshi,sainz,0.00025,0.16026,0.0,0.05,0.25,1.5,True,,30.0,10.0,0
backfill,2025,1,post_quali,kalshi,doohan,0.0,0.00321,0.0,0.05,0.005,1.5,False,,,14.0,0
backfill,2025,1,post_quali,kalshi,hadjar,0.0,0.00321,0.0,0.05,0.005,1.5,False,,,11.0,0
backfill,2025,2,post_quali,kalshi,piastri,0.41125,0.17391,0.9555,0.05,0.22,1.205,True,0.06,90.0,1.0,1
backfill,2025,2,post_quali,kalshi,norris,0.35625,0.36759,0.00175,0.05,0.465,1.205,True,0.09,90.0,3.0,0
backfill,2025,2,post_quali,kalshi,russell,0.129,0.07905,0.0425,0.05,0.1,1.205,True,0.02,90.0,2.0,0
backfill,2025,2,post_quali,kalshi,max_verstappen,0.04475,0.10672,0.00025,0.05,0.135,1.205,True,0.05,90.0,4.0,0
backfill,2025,2,post_quali,kalshi,ocon,0.0,0.00395,0.0,0.05,0.005,1.205,False,,,11.0,0
backfill,2025,2,post_quali,kalshi,antonelli,0.001,0.00395,0.0,0.05,0.005,1.205,False,,,8.0,0
backfill,2025,2,post_quali,kalshi,albon,0.00025,0.00395,0.0,0.05,0.005,1.205,False,,,10.0,0
backfill,2025,2,post_quali,kalshi,bearman,0.0,0.00395,0.0,0.05,0.005,1.205,False,,,17.0,0
backfill,2025,2,post_quali,kalshi,stroll,0.0,0.00395,0.0,0.05,0.005,1.205,False,,,14.0,0
backfill,2025,2,post_quali,kalshi,sainz,0.00025,0.02372,0.0,0.05,0.03,1.205,True,,930.0,15.0,0
backfill,2025,2,post_quali,kalshi,hadjar,0.0,0.00395,0.0,0.05,0.005,1.205,False,,,7.0,0
backfill,2025,2,post_quali,kalshi,lawson,0.0,0.00395,0.0,0.05,0.005,1.205,False,,,20.0,0
backfill,2025,2,post_quali,kalshi,doohan,0.0,0.00395,0.0,0.05,0.005,1.205,False,,,18.0,0
backfill,2025,2,post_quali,kalshi,bortoleto,0.0,0.00395,0.0,0.05,0.005,1.205,False,,,19.0,0
backfill,2025,2,post_quali,kalshi,hulkenberg,0.0,0.00395,0.0,0.05,0.005,1.205,False,,,12.0,0
backfill,2025,2,post_quali,kalshi,tsunoda,0.0,0.02372,0.0,0.05,0.03,1.205,True,,930.0,9.0,0
backfill,2025,2,post_quali,kalshi,alonso,0.0,0.00395,0.0,0.05,0.005,1.205,False,,,13.0,0
backfill,2025,2,post_quali,kalshi,leclerc,0.035,0.07115,0.0,0.05,0.09,1.205,True,0.02,90.0,6.0,0
backfill,2025,2,post_quali,kalshi,hamilton,0.022,0.10672,0.0,0.05,0.135,1.205,True,0.07,90.0,5.0,0
backfill,2025,2,post_quali,kalshi,gasly,0.00025,0.00395,0.0,0.05,0.005,1.205,False,,,16.0,0
backfill,2025,3,post_quali,kalshi,max_verstappen,0.1295,0.09574,0.953,0.05,0.135,1.355,True,0.11,30.0,1.0,1
backfill,2025,3,post_quali,kalshi,norris,0.47975,0.37589,0.04475,0.05,0.53,1.355,True,,30.0,2.0,0
backfill,2025,3,post_quali,kalshi,piastri,0.2485,0.28369,0.002,0.05,0.4,1.355,True,0.14,150.0,3.0,0
backfill,2025,3,post_quali,kalshi,leclerc,0.03975,0.05674,0.00025,0.05,0.08,1.355,True,0.12,30.0,4.0,0
backfill,2025,3,post_quali,kalshi,russell,0.0845,0.07092,0.0,0.05,0.1,1.355,True,0.18,30.0,5.0,0
backfill,2025,3,post_quali,kalshi,antonelli,0.0105,0.01064,0.0,0.05,0.015,1.355,True,0.01,2010.0,6.0,0
backfill,2025,3,post_quali,kalshi,hamilton,0.00425,0.03546,0.0,0.05,0.05,1.355,True,0.08,150.0,8.0,0
backfill,2025,3,post_quali,kalshi,hadjar,0.0005,0.01418,0.0,0.05,0.02,1.355,True,,1110.0,7.0,0
backfill,2025,3,post_quali,kalshi,albon,0.0005,0.00355,0.0,0.05,0.005,1.355,False,,,9.0,0
backfill,2025,3,post_quali,kalshi,bearman,0.0,0.00355,0.0,0.05,0.005,1.355,False,,,10.0,0
backfill,2025,3,post_quali,kalshi,alonso,0.0005,0.00355,0.0,0.05,0.005,1.355,False,,,12.0,0
backfill,2025,3,post_quali,kalshi,tsunoda,0.00075,0.01773,0.0,0.05,0.025,1.355,True,0.03,330.0,14.0,0
backfill,2025,3,post_quali,kalshi,gasly,0.0005,0.00355,0.0,0.05,0.005,1.355,False,,,11.0,0
backfill,2025,3,post_quali,kalshi,sainz,0.0005,0.00355,0.0,0.05,0.005,1.355,False,,,15.0,0
backfill,2025,3,post_quali,kalshi,doohan,0.0,0.00355,0.0,0.05,0.005,1.355,False,,,19.0,0
backfill,2025,3,post_quali,kalshi,hulkenberg,0.0,0.00355,0.0,0.05,0.005,1.355,False,,,16.0,0
backfill,2025,3,post_quali,kalshi,lawson,0.0,0.00355,0.0,0.05,0.005,1.355,False,,,13.0,0
backfill,2025,3,post_quali,kalshi,ocon,0.0,0.00355,0.0,0.05,0.005,1.355,False,,,18.0,0
backfill,2025,3,post_quali,kalshi,bortoleto,0.0,0.00355,0.0,0.05,0.005,1.355,False,,,17.0,0
backfill,2025,3,post_quali,kalshi,stroll,0.0,0.00355,0.0,0.05,0.005,1.355,False,,,20.0,0
backfill,2025,4,post_quali,kalshi,piastri,0.51525,0.35573,0.95425,0.05,0.45,1.205,True,,30.0,1.0,1
backfill,2025,4,post_quali,kalshi,russell,0.18325,0.05929,0.00175,0.05,0.075,1.205,True,0.07,30.0,3.0,0
backfill,2025,4,post_quali,kalshi,norris,0.16175,0.3083,0.0,0.05,0.39,1.205,True,,30.0,6.0,0
backfill,2025,4,post_quali,kalshi,leclerc,0.067,0.05534,0.0435,0.05,0.07,1.205,True,0.08,30.0,2.0,0
backfill,2025,4,post_quali,kalshi,hamilton,0.00375,0.03162,0.0,0.05,0.04,1.205,True,,30.0,9.0,0
backfill,2025,4,post_quali,kalshi,max_verstappen,0.0315,0.0751,0.0,0.05,0.095,1.205,True,0.15,30.0,7.0,0
backfill,2025,4,post_quali,kalshi,gasly,0.00125,0.00395,0.0005,0.05,0.005,1.205,False,,,4.0,0
backfill,2025,4,post_quali,kalshi,ocon,0.0,0.00395,0.0,0.05,0.005,1.205,False,,,14.0,0
backfill,2025,4,post_quali,kalshi,tsunoda,0.00325,0.02372,0.0,0.05,0.03,1.205,True,0.04,30.0,10.0,0
backfill,2025,4,post_quali,kalshi,bearman,0.0,0.00395,0.0,0.05,0.005,1.205,False,,,20.0,0
backfill,2025,4,post_quali,kalshi,antonelli,0.02825,0.04348,0.0,0.05,0.055,1.205,True,0.09,30.0,5.0,0
backfill,2025,4,post_quali,kalshi,albon,0.00025,0.00395,0.0,0.05,0.005,1.205,False,,,15.0,0
backfill,2025,4,post_quali,kalshi,hadjar,0.00025,0.00395,0.0,0.05,0.005,1.205,False,,,12.0,0
backfill,2025,4,post_quali,kalshi,doohan,0.0,0.00395,0.0,0.05,0.005,1.205,False,,,11.0,0
backfill,2025,4,post_quali,kalshi,alonso,0.00075,0.00395,0.0,0.05,0.005,1.205,False,,,13.0,0
backfill,2025,4,post_quali,kalshi,lawson,0.0,0.00395,0.0,0.05,0.005,1.205,False,,,17.0,0
backfill,2025,4,post_quali,kalshi,stroll,0.0,0.00395,0.0,0.05,0.005,1.205,False,,,19.0,0
backfill,2025,4,post_quali,kalshi,bortoleto,0.0,0.00395,0.0,0.05,0.005,1.205,False,,,18.0,0
backfill,2025,4,post_quali,kalshi,sainz,0.0035,0.00395,0.0,0.05,0.005,1.205,False,,,8.0,0
backfill,2025,4,post_quali,kalshi,hulkenberg,0.0,0.00395,0.0,0.05,0.005,1.205,False,,,16.0,0
backfill,2025,5,post_quali,kalshi,piastri,0.453,0.3719,0.05125,0.05,0.45,1.185,True,,30.0,2.0,1
backfill,2025,5,post_quali,kalshi,max_verstappen,0.22075,0.2686,0.9465,0.05,0.325,1.185,True,0.19,30.0,1.0,0
backfill,2025,5,post_quali,kalshi,leclerc,0.0355,0.05372,0.00025,0.05,0.065,1.185,True,0.01,90.0,4.0,0
backfill,2025,5,post_quali,kalshi,norris,0.037,0.07438,0.0,0.05,0.09,1.185,True,0.14,30.0,10.0,0
backfill,2025,5,post_quali,kalshi,russell,0.194,0.08264,0.002,0.05,0.1,1.185,True,0.14,30.0,3.0,0
backfill,2025,5,post_quali,kalshi,antonelli,0.043,0.00413,0.0,0.05,0.005,1.185,False,,,5.0,0
backfill,2025,5,post_quali,kalshi,hamilton,0.0055,0.05372,0.0,0.05,0.065,1.185,True,0.11,30.0,7.0,0
backfill,2025,5,post_quali,kalshi,sainz,0.006,0.00826,0.0,0.05,0.01,1.185,True,,30.0,6.0,0
backfill,2025,5,post_quali,kalshi,albon,0.00025,0.00413,0.0,0.05,0.005,1.185,False,,,11.0,0
backfill,2025,5,post_quali,kalshi,hadjar,0.0,0.00413,0.0,0.05,0.005,1.185,False,,,14.0,0
backfill,2025,5,post_quali,kalshi,alonso,0.0,0.00826,0.0,0.05,0.01,1.185,True,,690.0,13.0,0
backfill,2025,5,post_quali,kalshi,lawson,0.0,0.00826,0.0,0.05,0.01,1.185,True,,690.0,12.0,0
backfill,2025,5,post_quali,kalshi,bearman,0.0,0.00826,0.0,0.05,0.01,1.185,True,,30.0,15.0,0
backfill,2025,5,post_quali,kalshi,ocon,0.0,0.00413,0.0,0.05,0.005,1.185,False,,,19.0,0
backfill,2025,5,post_quali,kalshi,hulkenberg,0.0,0.00413,0.0,0.05,0.005,1.185,False,,,18.0,0
backfill,2025,5,post_quali,kalshi,stroll,0.0,0.00826,0.0,0.05,0.01,1.185,True,,30.0,16.0,0
backfill,2025,5,post_quali,kalshi,doohan,0.0,0.00826,0.0,0.05,0.01,1.185,True,,30.0,17.0,0
backfill,2025,5,post_quali,kalshi,bortoleto,0.0,0.00826,0.0,0.05,0.01,1.185,True,,30.0,20.0,0
backfill,2025,5,post_quali,kalshi,tsunoda,0.004,0.00826,0.0,0.05,0.01,1.185,True,,30.0,8.0,0
backfill,2025,5,post_quali,kalshi,gasly,0.001,0.00826,0.0,0.05,0.01,1.185,True,,690.0,9.0,0
backfill,2025,6,post_quali,kalshi,piastri,0.221,0.2509,0.0005,0.05,0.35,1.345,True,0.04,30.0,4.0,1
backfill,2025,6,post_quali,kalshi,norris,0.364,0.27599,0.04575,0.05,0.385,1.345,True,0.11,30.0,2.0,0
backfill,2025,6,post_quali,kalshi,russell,0.08775,0.0681,0.0,0.05,0.095,1.345,True,0.13,30.0,5.0,0
backfill,2025,6,post_quali,kalshi,max_verstappen,0.22925,0.18638,0.95175,0.05,0.26,1.345,True,0.14,30.0,1.0,0
backfill,2025,6,post_quali,kalshi,albon,0.00025,0.00358,0.0,0.05,0.005,1.345,False,,,7.0,0
backfill,2025,6,post_quali,kalshi,antonelli,0.07825,0.05376,0.002,0.05,0.075,1.345,True,0.07,30.0,3.0,0
backfill,2025,6,post_quali,kalshi,leclerc,0.01075,0.09319,0.0,0.05,0.13,1.345,True,0.08,30.0,8.0,0
backfill,2025,6,post_quali,kalshi,hamilton,0.0015,0.00717,0.0,0.05,0.01,1.345,True,,30.0,12.0,0
backfill,2025,6,post_quali,kalshi,sainz,0.0035,0.01434,0.0,0.05,0.02,1.345,True,,30.0,6.0,0
backfill,2025,6,post_quali,kalshi,tsunoda,0.0035,0.00717,0.0,0.05,0.01,1.345,True,,3750.0,10.0,0
backfill,2025,6,post_quali,kalshi,hadjar,0.0,0.00358,0.0,0.05,0.005,1.345,False,,,11.0,0
backfill,2025,6,post_quali,kalshi,ocon,0.0,0.00358,0.0,0.05,0.005,1.345,False,,,9.0,0
backfill,2025,6,post_quali,kalshi,gasly,0.0,0.00358,0.0,0.05,0.005,1.345,False,,,20.0,0
backfill,2025,6,post_quali,kalshi,hulkenberg,0.0,0.00358,0.0,0.05,0.005,1.345,False,,,16.0,0
backfill,2025,6,post_quali,kalshi,alonso,0.0,0.00358,0.0,0.05,0.005,1.345,False,,,17.0,0
backfill,2025,6,post_quali,kalshi,stroll,0.0,0.00717,0.0,0.05,0.01,1.345,True,,330.0,18.0,0
backfill,2025,6,post_quali,kalshi,lawson,0.0,0.00358,0.0,0.05,0.005,1.345,False,,,15.0,0
backfill,2025,6,post_quali,kalshi,bortoleto,0.0,0.00358,0.0,0.05,0.005,1.345,False,,,13.0,0
backfill,2025,6,post_quali,kalshi,bearman,0.0,0.00358,0.0,0.05,0.005,1.345,False,,,19.0,0
backfill,2025,6,post_quali,kalshi,doohan,0.00025,0.00358,0.0,0.05,0.005,1.345,False,,,14.0,0
backfill,2025,7,post_quali,kalshi,max_verstappen,0.10925,0.17695,0.042,0.05,0.215,1.18,True,0.05,30.0,2.0,1
backfill,2025,7,post_quali,kalshi,norris,0.1795,0.23045,0.0005,0.05,0.28,1.18,True,0.08,30.0,4.0,0
backfill,2025,7,post_quali,kalshi,piastri,0.54,0.34979,0.9555,0.05,0.425,1.18,True,0.07,30.0,1.0,0
backfill,2025,7,post_quali,kalshi,hamilton,0.001,0.04527,0.0,0.05,0.055,1.18,True,0.09,30.0,12.0,0
backfill,2025,7,post_quali,kalshi,albon,0.00225,0.00823,0.0,0.05,0.01,1.18,True,,1590.0,7.0,0
backfill,2025,7,post_quali,kalshi,leclerc,0.00475,0.06584,0.0,0.05,0.08,1.18,True,0.12,30.0,11.0,0
backfill,2025,7,post_quali,kalshi,russell,0.156,0.03292,0.002,0.05,0.04,1.18,True,0.02,30.0,3.0,0
backfill,2025,7,post_quali,kalshi,sainz,0.0035,0.00823,0.0,0.05,0.01,1.18,True,,1410.0,6.0,0
backfill,2025,7,post_quali,kalshi,hadjar,0.0005,0.00412,0.0,0.05,0.005,1.18,False,,,9.0,0
backfill,2025,7,post_quali,kalshi,tsunoda,0.0,0.00823,0.0,0.05,0.01,1.18,True,,12510.0,20.0,0
backfill,2025,7,post_quali,kalshi,alonso,0.0,0.00823,0.0,0.05,0.01,1.18,True,,1590.0,5.0,0
backfill,2025,7,post_quali,kalshi,hulkenberg,0.0,0.00412,0.0,0.05,0.005,1.18,False,,,17.0,0
backfill,2025,7,post_quali,kalshi,gasly,0.0,0.00823,0.0,0.05,0.01,1.18,True,,1410.0,10.0,0
backfill,2025,7,post_quali,kalshi,lawson,0.0,0.00412,0.0,0.05,0.005,1.18,False,,,15.0,0
backfill,2025,7,post_quali,kalshi,stroll,0.00025,0.00823,0.0,0.05,0.01,1.18,True,,2670.0,8.0,0
backfill,2025,7,post_quali,kalshi,colapinto,0.0,0.00412,0.0,0.05,0.005,1.18,False,,,16.0,0
backfill,2025,7,post_quali,kalshi,bearman,0.0,0.00412,0.0,0.05,0.005,1.18,False,,,19.0,0
backfill,2025,7,post_quali,kalshi,bortoleto,0.0,0.00412,0.0,0.05,0.005,1.18,False,,,14.0,0
backfill,2025,7,post_quali,kalshi,antonelli,0.003,0.02058,0.0,0.05,0.025,1.18,True,0.03,30.0,13.0,0
backfill,2025,7,post_quali,kalshi,ocon,0.0,0.00412,0.0,0.05,0.005,1.18,False,,,18.0,0
backfill,2025,8,post_quali,kalshi,norris,0.49125,0.10448,0.95725,0.05,0.14,1.335,True,0.06,30.0,1.0,1
backfill,2025,8,post_quali,kalshi,leclerc,0.116,0.33582,0.0405,0.05,0.45,1.335,True,,30.0,2.0,0
backfill,2025,8,post_quali,kalshi,piastri,0.3055,0.1903,0.00225,0.05,0.255,1.335,True,0.13,30.0,3.0,0
backfill,2025,8,post_quali,kalshi,max_verstappen,0.06325,0.1791,0.0,0.05,0.24,1.335,True,0.08,30.0,4.0,0
backfill,2025,8,post_quali,kalshi,hamilton,0.0145,0.07836,0.0,0.05,0.105,1.335,True,0.15,30.0,7.0,0
backfill,2025,8,post_quali,kalshi,hadjar,0.00075,0.00746,0.0,0.05,0.01,1.335,True,,5070.0,5.0,0
backfill,2025,8,post_quali,kalshi,ocon,0.0005,0.00746,0.0,0.05,0.01,1.335,True,,5070.0,8.0,0
backfill,2025,8,post_quali,kalshi,lawson,0.0,0.00746,0.0,0.05,0.01,1.335,True,,5070.0,9.0,0
backfill,2025,8,post_quali,kalshi,albon,0.00075,0.00746,0.0,0.05,0.01,1.335,True,,30.0,10.0,0
backfill,2025,8,post_quali,kalshi,sainz,0.001,0.00746,0.0,0.05,0.01,1.335,True,,630.0,11.0,0
backfill,2025,8,post_quali,kalshi,russell,0.00275,0.00746,0.0,0.05,0.01,1.335,True,,30.0,14.0,0
backfill,2025,8,post_quali,kalshi,bearman,0.0,0.00746,0.0,0.05,0.01,1.335,True,,5070.0,20.0,0
backfill,2025,8,post_quali,kalshi,colapinto,0.0,0.00373,0.0,0.05,0.005,1.335,False,,,18.0,0
backfill,2025,8,post_quali,kalshi,bortoleto,0.0,0.00746,0.0,0.05,0.01,1.335,True,,5070.0,16.0,0
backfill,2025,8,post_quali,kalshi,stroll,0.0,0.00746,0.0,0.05,0.01,1.335,True,,5070.0,19.0,0
backfill,2025,8,post_quali,kalshi,hulkenberg,0.0,0.00746,0.0,0.05,0.01,1.335,True,,5070.0,13.0,0
backfill,2025,8,post_quali,kalshi,tsunoda,0.00075,0.00746,0.0,0.05,0.01,1.335,True,,30.0,12.0,0
backfill,2025,8,post_quali,kalshi,antonelli,0.002,0.01119,0.0,0.05,0.015,1.335,True,0.01,510.0,15.0,0
backfill,2025,8,post_quali,kalshi,alonso,0.001,0.00746,0.0,0.05,0.01,1.335,True,,570.0,6.0,0
backfill,2025,8,post_quali,kalshi,gasly,0.0,0.00746,0.0,0.05,0.01,1.335,True,,5070.0,17.0,0
backfill,2025,9,post_quali,kalshi,piastri,0.48575,0.36614,0.95575,0.05263,0.465,1.21,True,0.03,30.0,1.0,1
backfill,2025,9,post_quali,kalshi,norris,0.33375,0.26378,0.04175,0.05263,0.335,1.21,True,0.09,30.0,2.0,0
backfill,2025,9,post_quali,kalshi,leclerc,0.02175,0.07874,0.0,0.05263,0.1,1.21,True,0.14,30.0,7.0,0
backfill,2025,9,post_quali,kalshi,russell,0.0245,0.06299,0.0,0.05263,0.08,1.21,True,0.14,30.0,4.0,0
backfill,2025,9,post_quali,kalshi,hulkenberg,0.0,0.00394,0.0,0.05263,0.005,1.21,False,,,15.0,0
backfill,2025,9,post_quali,kalshi,hamilton,0.022,0.0315,0.0,0.05263,0.04,1.21,True,,150.0,5.0,0
backfill,2025,9,post_quali,kalshi,hadjar,0.0,0.00394,0.0,0.05263,0.005,1.21,False,,,9.0,0
backfill,2025,9,post_quali,kalshi,gasly,0.0015,0.00394,0.0,0.05263,0.005,1.21,False,,,8.0,0
backfill,2025,9,post_quali,kalshi,alonso,0.0,0.00394,0.0,0.05263,0.005,1.21,False,,,10.0,0
backfill,2025,9,post_quali,kalshi,max_verstappen,0.10525,0.13386,0.0025,0.05263,0.17,1.21,True,0.06,30.0,3.0,0
backfill,2025,9,post_quali,kalshi,lawson,0.0,0.00394,0.0,0.05263,0.005,1.21,False,,,13.0,0
backfill,2025,9,post_quali,kalshi,bortoleto,0.0,0.00394,0.0,0.05263,0.005,1.21,False,,,12.0,0
backfill,2025,9,post_quali,kalshi,tsunoda,0.00025,0.00394,0.0,0.05263,0.005,1.21,False,,,19.0,0
backfill,2025,9,post_quali,kalshi,sainz,0.0,0.00394,0.0,0.05263,0.005,1.21,False,,,17.0,0
backfill,2025,9,post_quali,kalshi,colapinto,0.0,0.00394,0.0,0.05263,0.005,1.21,False,,,18.0,0
backfill,2025,9,post_quali,kalshi,ocon,0.0,0.00394,0.0,0.05263,0.005,1.21,False,,,16.0,0
backfill,2025,9,post_quali,kalshi,bearman,0.0,0.00394,0.0,0.05263,0.005,1.21,False,,,14.0,0
backfill,2025,9,post_quali,kalshi,antonelli,0.00475,0.01575,0.0,0.05263,0.02,1.21,True,0.02,30.0,6.0,0
backfill,2025,9,post_quali,kalshi,albon,0.0005,0.00394,0.0,0.05263,0.005,1.21,False,,,11.0,0
backfill,2025,10,post_quali,kalshi,russell,0.1265,0.06107,0.95825,0.05,0.08,1.265,True,0.06,30.0,1.0,1
backfill,2025,10,post_quali,kalshi,max_verstappen,0.24175,0.14122,0.04,0.05,0.185,1.265,True,0.03,30.0,2.0,0
backfill,2025,10,post_quali,kalshi,antonelli,0.02225,0.03053,0.00025,0.05,0.04,1.265,True,,450.0,4.0,0
backfill,2025,10,post_quali,kalshi,piastri,0.44125,0.28244,0.0015,0.05,0.37,1.265,True,0.04,30.0,3.0,0
backfill,2025,10,post_quali,kalshi,leclerc,0.0195,0.04962,0.0,0.05,0.065,1.265,True,0.11,30.0,8.0,0
backfill,2025,10,post_quali,kalshi,hamilton,0.03925,0.03053,0.0,0.05,0.04,1.265,True,,90.0,5.0,0
backfill,2025,10,post_quali,kalshi,alonso,0.00125,0.03053,0.0,0.05,0.04,1.265,True,,30.0,6.0,0
backfill,2025,10,post_quali,kalshi,hulkenberg,0.0005,0.00382,0.0,0.05,0.005,1.265,False,,,11.0,0
backfill,2025,10,post_quali,kalshi,ocon,0.0,0.00382,0.0,0.05,0.005,1.265,False,,,14.0,0
backfill,2025,10,post_quali,kalshi,sainz,0.0,0.00763,0.0,0.05,0.01,1.265,True,,90.0,16.0,0
backfill,2025,10,post_quali,kalshi,bearman,0.0,0.00382,0.0,0.05,0.005,1.265,False,,,13.0,0
backfill,2025,10,post_quali,kalshi,tsunoda,0.0,0.00382,0.0,0.05,0.005,1.265,False,,,18.0,0
backfill,2025,10,post_quali,kalshi,colapinto,0.0,0.00382,0.0,0.05,0.005,1.265,False,,,10.0,0
backfill,2025,10,post_quali,kalshi,bortoleto,0.0,0.00382,0.0,0.05,0.005,1.265,False,,,15.0,0
backfill,2025,10,post_quali,kalshi,gasly,0.0,0.00382,0.0,0.05,0.005,1.265,False,,,20.0,0
backfill,2025,10,post_quali,kalshi,hadjar,0.0005,0.00382,0.0,0.05,0.005,1.265,False,,,12.0,0
backfill,2025,10,post_quali,kalshi,stroll,0.0,0.00763,0.0,0.05,0.01,1.265,True,,30.0,17.0,0
backfill,2025,10,post_quali,kalshi,norris,0.1065,0.31679,0.0,0.05,0.415,1.265,True,0.07,30.0,7.0,0
backfill,2025,10,post_quali,kalshi,lawson,0.0,0.00382,0.0,0.05,0.005,1.265,False,,,19.0,0
backfill,2025,10,post_quali,kalshi,albon,0.00075,0.00763,0.0,0.05,0.01,1.265,True,,150.0,9.0,0
backfill,2025,11,post_quali,kalshi,norris,0.48775,0.4206,0.95,0.05263,0.49,1.105,True,0.06,30.0,1.0,1
backfill,2025,11,post_quali,kalshi,piastri,0.291,0.3176,0.0015,0.05263,0.37,1.105,True,0.06,30.0,3.0,0
backfill,2025,11,post_quali,kalshi,leclerc,0.11375,0.01717,0.04825,0.05263,0.02,1.105,True,0.02,30.0,2.0,0
backfill,2025,11,post_quali,kalshi,hamilton,0.04675,0.01717,0.00025,0.05263,0.02,1.105,True,0.02,30.0,4.0,0
backfill,2025,11,post_quali,kalshi,russell,0.0325,0.03863,0.0,0.05263,0.045,1.105,True,0.01,30.0,5.0,0
backfill,2025,11,post_quali,kalshi,lawson,0.001,0.00429,0.0,0.05263,0.005,1.105,False,,,6.0,0
backfill,2025,11,post_quali,kalshi,alonso,0.00025,0.00429,0.0,0.05263,0.005,1.105,False,,,11.0,0
backfill,2025,11,post_quali,kalshi,bortoleto,0.0,0.00429,0.0,0.05263,0.005,1.105,False,,,8.0,0
backfill,2025,11,post_quali,kalshi,hulkenberg,0.0,0.00429,0.0,0.05263,0.005,1.105,False,,,20.0,0
backfill,2025,11,post_quali,kalshi,ocon,0.0,0.00429,0.0,0.05263,0.005,1.105,False,,,17.0,0
backfill,2025,11,post_quali,kalshi,bearman,0.0,0.00429,0.0,0.05263,0.005,1.105,False,,,15.0,0
backfill,2025,11,post_quali,kalshi,hadjar,0.0005,0.00429,0.0,0.05263,0.005,1.105,False,,,13.0,0
backfill,2025,11,post_quali,kalshi,gasly,0.0,0.00429,0.0,0.05263,0.005,1.105,False,,,10.0,0
backfill,2025,11,post_quali,kalshi,stroll,0.0,0.00429,0.0,0.05263,0.005,1.105,False,,,16.0,0
backfill,2025,11,post_quali,kalshi,colapinto,0.0,0.00429,0.0,0.05263,0.005,1.105,False,,,14.0,0
backfill,2025,11,post_quali,kalshi,tsunoda,0.0,0.00429,0.0,0.05263,0.005,1.105,False,,,18.0,0
backfill,2025,11,post_quali,kalshi,albon,0.001,0.00429,0.0,0.05263,0.005,1.105,False,,,12.0,0
backfill,2025,11,post_quali,kalshi,max_verstappen,0.02025,0.12017,0.0,0.05263,0.14,1.105,True,0.04,30.0,7.0,0
backfill,2025,11,post_quali,kalshi,antonelli,0.00525,0.01717,0.0,0.05263,0.02,1.105,True,0.02,90.0,9.0,0
backfill,2025,12,post_quali,kalshi,norris,0.2965,0.27451,0.002,0.05263,0.35,1.22,True,0.06,30.0,3.0,1
backfill,2025,12,post_quali,kalshi,piastri,0.42525,0.27059,0.04275,0.05263,0.345,1.22,True,0.01,30.0,2.0,0
backfill,2025,12,post_quali,kalshi,hulkenberg,0.0,0.00392,0.0,0.05263,0.005,1.22,False,,,19.0,0
backfill,2025,12,post_quali,kalshi,hamilton,0.0315,0.11765,0.0,0.05263,0.15,1.22,True,0.06,30.0,5.0,0
backfill,2025,12,post_quali,kalshi,max_verstappen,0.139,0.11765,0.95525,0.05263,0.15,1.22,True,0.12,30.0,1.0,0
backfill,2025,12,post_quali,kalshi,gasly,0.00025,0.00392,0.0,0.05263,0.005,1.22,False,,,8.0,0
backfill,2025,12,post_quali,kalshi,stroll,0.0,0.00392,0.0,0.05263,0.005,1.22,False,,,17.0,0
backfill,2025,12,post_quali,kalshi,albon,0.0,0.00392,0.0,0.05263,0.005,1.22,False,,,13.0,0
backfill,2025,12,post_quali,kalshi,alonso,0.00025,0.00784,0.0,0.05263,0.01,1.22,True,,990.0,7.0,0
backfill,2025,12,post_quali,kalshi,russell,0.064,0.07059,0.0,0.05263,0.09,1.22,True,0.1,30.0,4.0,0
backfill,2025,12,post_quali,kalshi,bearman,0.0,0.00392,0.0,0.05263,0.005,1.22,False,,,18.0,0
backfill,2025,12,post_quali,kalshi,sainz,0.001,0.00392,0.0,0.05263,0.005,1.22,False,,,9.0,0
backfill,2025,12,post_quali,kalshi,ocon,0.0,0.00392,0.0,0.05263,0.005,1.22,False,,,14.0,0
backfill,2025,12,post_quali,kalshi,leclerc,0.03975,0.06667,0.0,0.05263,0.085,1.22,True,0.01,30.0,6.0,0
backfill,2025,12,post_quali,kalshi,tsunoda,0.0005,0.00392,0.0,0.05263,0.005,1.22,False,,,11.0,0
backfill,2025,12,post_quali,kalshi,antonelli,0.00175,0.03137,0.0,0.05263,0.04,1.22,True,,1110.0,10.0,0
backfill,2025,12,post_quali,kalshi,hadjar,0.00025,0.00392,0.0,0.05263,0.005,1.22,False,,,12.0,0
backfill,2025,12,post_quali,kalshi,bortoleto,0.0,0.00392,0.0,0.05263,0.005,1.22,False,,,16.0,0
backfill,2025,12,post_quali,kalshi,lawson,0.0,0.00392,0.0,0.05263,0.005,1.22,False,,,15.0,0
backfill,2025,13,post_quali,kalshi,piastri,0.37625,0.41129,0.04975,0.05,0.51,1.24,True,0.02,30.0,2.0,1
backfill,2025,13,post_quali,kalshi,norris,0.462,0.24194,0.94825,0.05,0.3,1.24,True,0.04,30.0,1.0,0
backfill,2025,13,post_quali,kalshi,leclerc,0.09125,0.02016,0.002,0.05,0.025,1.24,True,0.01,30.0,3.0,0
backfill,2025,13,post_quali,kalshi,max_verstappen,0.04725,0.16532,0.0,0.05,0.205,1.24,True,0.01,30.0,4.0,0
backfill,2025,13,post_quali,kalshi,russell,0.0205,0.02419,0.0,0.05,0.03,1.24,True,0.02,30.0,6.0,0
backfill,2025,13,post_quali,kalshi,albon,0.0005,0.00806,0.0,0.05,0.01,1.24,True,,30.0,5.0,0
backfill,2025,13,post_quali,kalshi,hamilton,0.0,0.02419,0.0,0.05,0.03,1.24,True,,30.0,18.0,0
backfill,2025,13,post_quali,kalshi,lawson,0.0005,0.00806,0.0,0.05,0.01,1.24,True,,150.0,9.0,0
backfill,2025,13,post_quali,kalshi,bortoleto,0.0005,0.00806,0.0,0.05,0.01,1.24,True,,930.0,10.0,0
backfill,2025,13,post_quali,kalshi,gasly,0.0,0.00806,0.0,0.05,0.01,1.24,True,,870.0,13.0,0
backfill,2025,13,post_quali,kalshi,bearman,0.0,0.00806,0.0,0.05,0.01,1.24,True,,810.0,12.0,0
backfill,2025,13,post_quali,kalshi,hulkenberg,0.0,0.00806,0.0,0.05,0.01,1.24,True,,870.0,14.0,0
backfill,2025,13,post_quali,kalshi,tsunoda,0.00075,0.00806,0.0,0.05,0.01,1.24,True,,30.0,7.0,0
backfill,2025,13,post_quali,kalshi,stroll,0.0,0.00806,0.0,0.05,0.01,1.24,True,,930.0,16.0,0
backfill,2025,13,post_quali,kalshi,ocon,0.0,0.00806,0.0,0.05,0.01,1.24,True,,750.0,11.0,0
backfill,2025,13,post_quali,kalshi,antonelli,0.0,0.00806,0.0,0.05,0.01,1.24,True,,150.0,19.0,0
backfill,2025,13,post_quali,kalshi,alonso,0.0,0.00806,0.0,0.05,0.01,1.24,True,,90.0,20.0,0
backfill,2025,13,post_quali,kalshi,sainz,0.0,0.00806,0.0,0.05,0.01,1.24,True,,30.0,17.0,0
backfill,2025,13,post_quali,kalshi,colapinto,0.0,0.00806,0.0,0.05,0.01,1.24,True,,930.0,15.0,0
backfill,2025,13,post_quali,kalshi,hadjar,0.0005,0.00806,0.0,0.05,0.01,1.24,True,,690.0,8.0,0
backfill,2025,14,post_quali,kalshi,norris,0.28925,0.35294,0.002,0.05,0.42,1.19,True,0.02,30.0,3.0,1
backfill,2025,14,post_quali,kalshi,piastri,0.417,0.42857,0.04275,0.05,0.51,1.19,True,0.02,30.0,2.0,0
backfill,2025,14,post_quali,kalshi,russell,0.053,0.02521,0.0,0.05,0.03,1.19,True,,30.0,4.0,0
backfill,2025,14,post_quali,kalshi,leclerc,0.221,0.02941,0.95525,0.05,0.035,1.19,True,0.01,30.0,1.0,0
backfill,2025,14,post_quali,kalshi,alonso,0.00275,0.0084,0.0,0.05,0.01,1.19,True,,30.0,5.0,0
backfill,2025,14,post_quali,kalshi,bortoleto,0.0005,0.0084,0.0,0.05,0.01,1.19,True,,810.0,7.0,0
backfill,2025,14,post_quali,kalshi,stroll,0.0005,0.0084,0.0,0.05,0.01,1.19,True,,30.0,6.0,0
backfill,2025,14,post_quali,kalshi,lawson,0.0,0.0084,0.0,0.05,0.01,1.19,True,,1530.0,9.0,0
backfill,2025,14,post_quali,kalshi,max_verstappen,0.01225,0.03782,0.0,0.05,0.045,1.19,True,0.01,30.0,8.0,0
backfill,2025,14,post_quali,kalshi,antonelli,0.001,0.0084,0.0,0.05,0.01,1.19,True,,30.0,15.0,0
backfill,2025,14,post_quali,kalshi,hadjar,0.00025,0.0084,0.0,0.05,0.01,1.19,True,,510.0,10.0,0
backfill,2025,14,post_quali,kalshi,hamilton,0.00225,0.0084,0.0,0.05,0.01,1.19,True,,30.0,12.0,0
backfill,2025,14,post_quali,kalshi,hulkenberg,0.0,0.0084,0.0,0.05,0.01,1.19,True,,30.0,18.0,0
backfill,2025,14,post_quali,kalshi,sainz,0.0,0.0084,0.0,0.05,0.01,1.19,True,,90.0,13.0,0
backfill,2025,14,post_quali,kalshi,albon,0.0,0.0084,0.0,0.05,0.01,1.19,True,,30.0,19.0,0
backfill,2025,14,post_quali,kalshi,ocon,0.0,0.0084,0.0,0.05,0.01,1.19,True,,1530.0,17.0,0
backfill,2025,14,post_quali,kalshi,tsunoda,0.0,0.0084,0.0,0.05,0.01,1.19,True,,930.0,20.0,0
backfill,2025,14,post_quali,kalshi,colapinto,0.00025,0.0084,0.0,0.05,0.01,1.19,True,,1530.0,14.0,0
backfill,2025,14,post_quali,kalshi,gasly,0.0,0.0084,0.0,0.05,0.01,1.19,True,,1110.0,16.0,0
backfill,2025,14,post_quali,kalshi,bearman,0.0,0.0084,0.0,0.05,0.01,1.19,True,,1530.0,11.0,0
backfill,2025,15,post_quali,kalshi,piastri,0.52725,0.38976,0.954,0.05,0.495,1.27,True,0.11,30.0,1.0,1
backfill,2025,15,post_quali,kalshi,max_verstappen,0.053,0.08268,0.0025,0.05,0.105,1.27,True,0.11,30.0,3.0,0
backfill,2025,15,post_quali,kalshi,hadjar,0.003,0.00787,0.0,0.05,0.01,1.27,True,,570.0,4.0,0
backfill,2025,15,post_quali,kalshi,russell,0.03325,0.00787,0.0,0.05,0.01,1.27,True,,30.0,5.0,0
backfill,2025,15,post_quali,kalshi,albon,0.0,0.00787,0.0,0.05,0.01,1.27,True,,570.0,15.0,0
backfill,2025,15,post_quali,kalshi,bearman,0.0,0.00787,0.0,0.05,0.01,1.27,True,,570.0,20.0,0
backfill,2025,15,post_quali,kalshi,stroll,0.0,0.00787,0.0,0.05,0.01,1.27,True,,90.0,19.0,0
backfill,2025,15,post_quali,kalshi,alonso,0.0005,0.00787,0.0,0.05,0.01,1.27,True,,30.0,10.0,0
backfill,2025,15,post_quali,kalshi,tsunoda,0.001,0.00787,0.0,0.05,0.01,1.27,True,,570.0,12.0,0
backfill,2025,15,post_quali,kalshi,ocon,0.0,0.00787,0.0,0.05,0.01,1.27,True,,570.0,18.0,0
backfill,2025,15,post_quali,kalshi,colapinto,0.0,0.00787,0.0,0.05,0.01,1.27,True,,570.0,16.0,0
backfill,2025,15,post_quali,kalshi,lawson,0.001,0.00787,0.0,0.05,0.01,1.27,True,,570.0,8.0,0
backfill,2025,15,post_quali,kalshi,sainz,0.00025,0.00787,0.0,0.05,0.01,1.27,True,,90.0,9.0,0
backfill,2025,15,post_quali,kalshi,hulkenberg,0.0,0.00787,0.0,0.05,0.01,1.27,True,,570.0,17.0,0
backfill,2025,15,post_quali,kalshi,bortoleto,0.00025,0.00787,0.0,0.05,0.01,1.27,True,,570.0,13.0,0
backfill,2025,15,post_quali,kalshi,antonelli,0.00075,0.00787,0.0,0.05,0.01,1.27,True,,570.0,11.0,0
backfill,2025,15,post_quali,kalshi,gasly,0.0,0.00787,0.0,0.05,0.01,1.27,True,,570.0,14.0,0
backfill,2025,15,post_quali,kalshi,norris,0.333,0.38583,0.0435,0.05,0.49,1.27,True,0.08,30.0,2.0,0
backfill,2025,15,post_quali,kalshi,leclerc,0.038,0.01575,0.0,0.05,0.02,1.27,True,,30.0,6.0,0
backfill,2025,15,post_quali,kalshi,hamilton,0.00875,0.00787,0.0,0.05,0.01,1.27,True,,30.0,7.0,0
backfill,2025,16,post_quali,kalshi,max_verstappen,0.27275,0.18067,0.94825,0.05263,0.215,1.19,True,0.17,30.0,1.0,1
backfill,2025,16,post_quali,kalshi,norris,0.36725,0.2395,0.049,0.05263,0.285,1.19,True,0.09,30.0,2.0,0
backfill,2025,16,post_quali,kalshi,piastri,0.2835,0.22689,0.0025,0.05263,0.27,1.19,True,0.08,30.0,3.0,0
backfill,2025,16,post_quali,kalshi,leclerc,0.048,0.06723,0.00025,0.05263,0.08,1.19,True,,30.0,4.0,0
backfill,2025,16,post_quali,kalshi,russell,0.01975,0.15126,0.0,0.05263,0.18,1.19,True,,30.0,5.0,0
backfill,2025,16,post_quali,kalshi,hamilton,0.002,0.02521,0.0,0.05263,0.03,1.19,True,,30.0,10.0,0
backfill,2025,16,post_quali,kalshi,albon,0.0,0.0084,0.0,0.05263,0.01,1.19,True,,30.0,14.0,0
backfill,2025,16,post_quali,kalshi,bortoleto,0.00075,0.0084,0.0,0.05263,0.01,1.19,True,,1050.0,7.0,0
backfill,2025,16,post_quali,kalshi,antonelli,0.00275,0.0084,0.0,0.05263,0.01,1.19,True,,30.0,6.0,0
backfill,2025,16,post_quali,kalshi,hadjar,0.0,0.0084,0.0,0.05263,0.01,1.19,True,,990.0,19.0,0
backfill,2025,16,post_quali,kalshi,sainz,0.0,0.0084,0.0,0.05263,0.01,1.19,True,,30.0,13.0,0
backfill,2025,16,post_quali,kalshi,bearman,0.0,0.0084,0.0,0.05263,0.01,1.19,True,,1050.0,11.0,0
backfill,2025,16,post_quali,kalshi,tsunoda,0.0015,0.0084,0.0,0.05263,0.01,1.19,True,,1050.0,9.0,0
backfill,2025,16,post_quali,kalshi,lawson,0.0,0.0084,0.0,0.05263,0.01,1.19,True,,30.0,18.0,0
backfill,2025,16,post_quali,kalshi,ocon,0.0,0.0084,0.0,0.05263,0.01,1.19,True,,1110.0,15.0,0
backfill,2025,16,post_quali,kalshi,gasly,0.0,0.0084,0.0,0.05263,0.01,1.19,True,,1050.0,20.0,0
backfill,2025,16,post_quali,kalshi,colapinto,0.0,0.0084,0.0,0.05263,0.01,1.19,True,,1050.0,17.0,0
backfill,2025,16,post_quali,kalshi,stroll,0.00025,0.0084,0.0,0.05263,0.01,1.19,True,,1110.0,16.0,0
backfill,2025,16,post_quali,kalshi,alonso,0.0015,0.0084,0.0,0.05263,0.01,1.19,True,,990.0,8.0,0
backfill,2025,17,post_quali,kalshi,max_verstappen,0.65325,0.21073,0.9405,0.05,0.275,1.305,True,0.09,30.0,1.0,1
backfill,2025,17,post_quali,kalshi,russell,0.055,0.01533,0.0,0.05,0.02,1.305,True,0.02,90.0,5.0,0
backfill,2025,17,post_quali,kalshi,sainz,0.021,0.00766,0.0565,0.05,0.01,1.305,True,,690.0,2.0,0
backfill,2025,17,post_quali,kalshi,antonelli,0.028,0.00766,0.0,0.05,0.01,1.305,True,,750.0,4.0,0
backfill,2025,17,post_quali,kalshi,lawson,0.004,0.00766,0.003,0.05,0.01,1.305,True,,2010.0,3.0,0
backfill,2025,17,post_quali,kalshi,tsunoda,0.0105,0.00766,0.0,0.05,0.01,1.305,True,,2010.0,6.0,0
backfill,2025,17,post_quali,kalshi,norris,0.13725,0.23755,0.0,0.05,0.31,1.305,True,0.1,30.0,7.0,0
backfill,2025,17,post_quali,kalshi,hamilton,0.0025,0.09962,0.0,0.05,0.13,1.305,True,0.18,30.0,12.0,0
backfill,2025,17,post_quali,kalshi,leclerc,0.013,0.10345,0.0,0.05,0.135,1.305,True,0.05,30.0,10.0,0
backfill,2025,17,post_quali,kalshi,hadjar,0.00075,0.00766,0.0,0.05,0.01,1.305,True,,810.0,8.0,0
backfill,2025,17,post_quali,kalshi,bortoleto,0.0,0.00766,0.0,0.05,0.01,1.305,True,,2010.0,13.0,0
backfill,2025,17,post_quali,kalshi,bearman,0.0,0.00766,0.0,0.05,0.01,1.305,True,,1230.0,15.0,0
backfill,2025,17,post_quali,kalshi,albon,0.0,0.00766,0.0,0.05,0.01,1.305,True,,1350.0,19.0,0
backfill,2025,17,post_quali,kalshi,ocon,0.0,0.00766,0.0,0.05,0.01,1.305,True,,2010.0,20.0,0
backfill,2025,17,post_quali,kalshi,alonso,0.001,0.00766,0.0,0.05,0.01,1.305,True,,1410.0,11.0,0
backfill,2025,17,post_quali,kalshi,hulkenberg,0.0,0.00766,0.0,0.05,0.01,1.305,True,,2010.0,17.0,0
backfill,2025,17,post_quali,kalshi,stroll,0.0,0.00766,0.0,0.05,0.01,1.305,True,,2010.0,14.0,0
backfill,2025,17,post_quali,kalshi,gasly,0.0,0.00766,0.0,0.05,0.01,1.305,True,,2010.0,18.0,0
backfill,2025,17,post_quali,kalshi,colapinto,0.0,0.00766,0.0,0.05,0.01,1.305,True,,2010.0,16.0,0
backfill,2025,17,post_quali,kalshi,piastri,0.07375,0.22605,0.0,0.05,0.295,1.305,True,0.15,30.0,9.0,0
backfill,2025,18,post_quali,kalshi,russell,0.21225,0.16327,0.94025,0.05,0.24,1.47,True,,30.0,1.0,1
backfill,2025,18,post_quali,kalshi,max_verstappen,0.30325,0.41497,0.056,0.05,0.61,1.47,True,0.08,30.0,2.0,0
backfill,2025,18,post_quali,kalshi,norris,0.14225,0.11565,0.0,0.05,0.17,1.47,True,0.04,30.0,5.0,0
backfill,2025,18,post_quali,kalshi,piastri,0.295,0.13265,0.00375,0.05,0.195,1.47,True,0.07,30.0,3.0,0
backfill,2025,18,post_quali,kalshi,antonelli,0.02525,0.0068,0.0,0.05,0.01,1.47,True,,30.0,4.0,0
backfill,2025,18,post_quali,kalshi,leclerc,0.0115,0.02721,0.0,0.05,0.04,1.47,True,,30.0,7.0,0
backfill,2025,18,post_quali,kalshi,alonso,0.00025,0.01701,0.0,0.05,0.025,1.47,True,0.01,330.0,10.0,0
backfill,2025,18,post_quali,kalshi,hamilton,0.008,0.04082,0.0,0.05,0.06,1.47,True,,30.0,6.0,0
backfill,2025,18,post_quali,kalshi,bearman,0.0,0.0068,0.0,0.05,0.01,1.47,True,,30.0,9.0,0
backfill,2025,18,post_quali,kalshi,sainz,0.0,0.0068,0.0,0.05,0.01,1.47,True,,450.0,18.0,0
backfill,2025,18,post_quali,kalshi,hadjar,0.00175,0.0068,0.0,0.05,0.01,1.47,True,,30.0,8.0,0
backfill,2025,18,post_quali,kalshi,tsunoda,0.0005,0.0068,0.0,0.05,0.01,1.47,True,,450.0,13.0,0
backfill,2025,18,post_quali,kalshi,stroll,0.0,0.0068,0.0,0.05,0.01,1.47,True,,450.0,15.0,0
backfill,2025,18,post_quali,kalshi,albon,0.0,0.0068,0.0,0.05,0.01,1.47,True,,30.0,20.0,0
backfill,2025,18,post_quali,kalshi,lawson,0.0,0.0068,0.0,0.05,0.01,1.47,True,,450.0,12.0,0
backfill,2025,18,post_quali,kalshi,colapinto,0.0,0.0068,0.0,0.05,0.01,1.47,True,,450.0,16.0,0
backfill,2025,18,post_quali,kalshi,bortoleto,0.0,0.0068,0.0,0.05,0.01,1.47,True,,450.0,14.0,0
backfill,2025,18,post_quali,kalshi,ocon,0.0,0.0068,0.0,0.05,0.01,1.47,True,,450.0,17.0,0
backfill,2025,18,post_quali,kalshi,gasly,0.0,0.0068,0.0,0.05,0.01,1.47,True,,450.0,19.0,0
backfill,2025,18,post_quali,kalshi,hulkenberg,0.0,0.0068,0.0,0.05,0.01,1.47,True,,450.0,11.0,0
backfill,2025,19,post_quali,kalshi,max_verstappen,0.61,0.39015,0.94175,0.05,0.515,1.32,True,0.13,30.0,1.0,1
backfill,2025,19,post_quali,kalshi,norris,0.16725,0.21212,0.05525,0.05,0.28,1.32,True,0.08,30.0,2.0,0
backfill,2025,19,post_quali,kalshi,leclerc,0.0505,0.09848,0.003,0.05,0.13,1.32,True,0.12,30.0,3.0,0
backfill,2025,19,post_quali,kalshi,hamilton,0.011,0.02273,0.0,0.05,0.03,1.32,True,,30.0,5.0,0
backfill,2025,19,post_quali,kalshi,piastri,0.03875,0.14015,0.0,0.05,0.185,1.32,True,0.09,30.0,6.0,0
backfill,2025,19,post_quali,kalshi,russell,0.1105,0.0303,0.0,0.05,0.04,1.32,True,0.02,30.0,4.0,0
backfill,2025,19,post_quali,kalshi,tsunoda,0.0005,0.00758,0.0,0.05,0.01,1.32,True,,930.0,13.0,0
backfill,2025,19,post_quali,kalshi,hulkenberg,0.0,0.00758,0.0,0.05,0.01,1.32,True,,270.0,11.0,0
backfill,2025,19,post_quali,kalshi,bearman,0.00025,0.00758,0.0,0.05,0.01,1.32,True,,1170.0,8.0,0
backfill,2025,19,post_quali,kalshi,alonso,0.0,0.00758,0.0,0.05,0.01,1.32,True,,30.0,10.0,0
backfill,2025,19,post_quali,kalshi,lawson,0.00025,0.00758,0.0,0.05,0.01,1.32,True,,1650.0,12.0,0
backfill,2025,19,post_quali,kalshi,stroll,0.0,0.00758,0.0,0.05,0.01,1.32,True,,1530.0,19.0,0
backfill,2025,19,post_quali,kalshi,antonelli,0.01025,0.00758,0.0,0.05,0.01,1.32,True,,30.0,7.0,0
backfill,2025,19,post_quali,kalshi,albon,0.0,0.00758,0.0,0.05,0.01,1.32,True,,330.0,18.0,0
backfill,2025,19,post_quali,kalshi,ocon,0.0,0.00758,0.0,0.05,0.01,1.32,True,,930.0,17.0,0
backfill,2025,19,post_quali,kalshi,hadjar,0.0,0.00758,0.0,0.05,0.01,1.32,True,,330.0,20.0,0
backfill,2025,19,post_quali,kalshi,colapinto,0.0,0.00758,0.0,0.05,0.01,1.32,True,,90.0,15.0,0
backfill,2025,19,post_quali,kalshi,bortoleto,0.0,0.00758,0.0,0.05,0.01,1.32,True,,4590.0,16.0,0
backfill,2025,19,post_quali,kalshi,gasly,0.0,0.00758,0.0,0.05,0.01,1.32,True,,1530.0,14.0,0
backfill,2025,19,post_quali,kalshi,sainz,0.00075,0.00758,0.0,0.05,0.01,1.32,True,,30.0,9.0,0
backfill,2025,20,post_quali,kalshi,norris,0.51425,0.39764,0.94425,0.05,0.505,1.27,True,0.19,30.0,1.0,1
backfill,2025,20,post_quali,kalshi,leclerc,0.10475,0.16142,0.05375,0.05,0.205,1.27,True,0.19,30.0,2.0,0
backfill,2025,20,post_quali,kalshi,max_verstappen,0.1885,0.18504,0.0,0.05,0.235,1.27,True,0.15,30.0,5.0,0
backfill,2025,20,post_quali,kalshi,bearman,0.0,0.00787,0.0,0.05,0.01,1.27,True,,2550.0,9.0,0
backfill,2025,20,post_quali,kalshi,piastri,0.048,0.04724,0.0,0.05,0.06,1.27,True,0.04,30.0,7.0,0
backfill,2025,20,post_quali,kalshi,antonelli,0.01325,0.00787,0.0,0.05,0.01,1.27,True,,30.0,6.0,0
backfill,2025,20,post_quali,kalshi,russell,0.09125,0.01181,0.00025,0.05,0.015,1.27,True,0.01,30.0,4.0,0
backfill,2025,20,post_quali,kalshi,hamilton,0.035,0.08661,0.00175,0.05,0.11,1.27,True,0.12,30.0,3.0,0
backfill,2025,20,post_quali,kalshi,ocon,0.0,0.00787,0.0,0.05,0.01,1.27,True,,4710.0,11.0,0
backfill,2025,20,post_quali,kalshi,bortoleto,0.0,0.00787,0.0,0.05,0.01,1.27,True,,2550.0,16.0,0
backfill,2025,20,post_quali,kalshi,tsunoda,0.0035,0.00787,0.0,0.05,0.01,1.27,True,,1530.0,10.0,0
backfill,2025,20,post_quali,kalshi,albon,0.0,0.00787,0.0,0.05,0.01,1.27,True,,870.0,17.0,0
backfill,2025,20,post_quali,kalshi,hadjar,0.001,0.00787,0.0,0.05,0.01,1.27,True,,30.0,8.0,0
backfill,2025,20,post_quali,kalshi,stroll,0.0,0.00787,0.0,0.05,0.01,1.27,True,,2250.0,19.0,0
backfill,2025,20,post_quali,kalshi,gasly,0.0,0.00787,0.0,0.05,0.01,1.27,True,,2550.0,18.0,0
backfill,2025,20,post_quali,kalshi,colapinto,0.0,0.00787,0.0,0.05,0.01,1.27,True,,2550.0,20.0,0
backfill,2025,20,post_quali,kalshi,sainz,0.0005,0.00787,0.0,0.05,0.01,1.27,True,,30.0,12.0,0
backfill,2025,20,post_quali,kalshi,alonso,0.0,0.00787,0.0,0.05,0.01,1.27,True,,390.0,14.0,0
backfill,2025,20,post_quali,kalshi,hulkenberg,0.0,0.00787,0.0,0.05,0.01,1.27,True,,630.0,13.0,0
backfill,2025,20,post_quali,kalshi,lawson,0.0,0.00787,0.0,0.05,0.01,1.27,True,,2370.0,15.0,0
backfill,2025,21,post_quali,kalshi,norris,0.67325,0.39855,0.94025,0.05,0.55,1.375,True,0.16,30.0,1.0,1
backfill,2025,21,post_quali,kalshi,antonelli,0.07925,0.0942,0.055,0.05,0.13,1.375,True,0.18,30.0,2.0,0
backfill,2025,21,post_quali,kalshi,max_verstappen,0.0,0.0471,0.0,0.05,0.065,1.375,True,0.03,30.0,19.0,0
backfill,2025,21,post_quali,kalshi,russell,0.0345,0.0942,0.0,0.05,0.13,1.375,True,0.1,30.0,6.0,0
backfill,2025,21,post_quali,kalshi,piastri,0.14975,0.16667,0.00025,0.05,0.23,1.375,True,0.1,30.0,4.0,0
backfill,2025,21,post_quali,kalshi,bearman,0.0005,0.05072,0.0,0.05,0.07,1.375,True,0.12,30.0,8.0,0
backfill,2025,21,post_quali,kalshi,lawson,0.0,0.00725,0.0,0.05,0.01,1.375,True,,2130.0,7.0,0
backfill,2025,21,post_quali,kalshi,hadjar,0.00025,0.00725,0.0,0.05,0.01,1.375,True,,2130.0,5.0,0
backfill,2025,21,post_quali,kalshi,hulkenberg,0.0,0.00725,0.0,0.05,0.01,1.375,True,,330.0,10.0,0
backfill,2025,21,post_quali,kalshi,gasly,0.0,0.00725,0.0,0.05,0.01,1.375,True,,30.0,9.0,0
backfill,2025,21,post_quali,kalshi,albon,0.0,0.00725,0.0,0.05,0.01,1.375,True,,30.0,12.0,0
backfill,2025,21,post_quali,kalshi,ocon,0.0,0.00725,0.0,0.05,0.01,1.375,True,,690.0,20.0,0
backfill,2025,21,post_quali,kalshi,sainz,0.0,0.00725,0.0,0.05,0.01,1.375,True,,690.0,15.0,0
backfill,2025,21,post_quali,kalshi,alonso,0.0,0.00725,0.0,0.05,0.01,1.375,True,,330.0,11.0,0
backfill,2025,21,post_quali,kalshi,colapinto,0.0,0.00362,0.0,0.05,0.005,1.375,False,,,16.0,0
backfill,2025,21,post_quali,kalshi,stroll,0.0,0.00725,0.0,0.05,0.01,1.375,True,,1710.0,14.0,0
backfill,2025,21,post_quali,kalshi,tsunoda,0.00025,0.00725,0.0,0.05,0.01,1.375,True,,2790.0,17.0,0
backfill,2025,21,post_quali,kalshi,hamilton,0.00025,0.00725,0.0,0.05,0.01,1.375,True,,30.0,13.0,0
backfill,2025,21,post_quali,kalshi,leclerc,0.062,0.05797,0.0045,0.05,0.08,1.375,True,0.06,30.0,3.0,0
backfill,2025,21,post_quali,kalshi,bortoleto,0.0,0.00725,0.0,0.05,0.01,1.375,True,,30.0,18.0,0
backfill,2025,22,post_quali,kalshi,max_verstappen,0.16325,0.35424,0.053,0.05,0.48,1.355,True,0.02,30.0,2.0,1
backfill,2025,22,post_quali,kalshi,russell,0.064,0.21402,0.0005,0.05,0.29,1.355,True,0.06,30.0,4.0,0
backfill,2025,22,post_quali,kalshi,antonelli,0.00025,0.05166,0.0,0.05,0.07,1.355,True,,30.0,17.0,0
backfill,2025,22,post_quali,kalshi,leclerc,0.00425,0.03321,0.0,0.05,0.045,1.355,True,0.03,30.0,9.0,0
backfill,2025,22,post_quali,kalshi,sainz,0.003,0.00738,0.0025,0.05,0.01,1.355,True,,30.0,3.0,0
backfill,2025,22,post_quali,kalshi,hadjar,0.00075,0.00738,0.0,0.05,0.01,1.355,True,,30.0,8.0,0
backfill,2025,22,post_quali,kalshi,hulkenberg,0.00025,0.00738,0.0,0.05,0.01,1.355,True,,30.0,11.0,0
backfill,2025,22,post_quali,kalshi,hamilton,0.0,0.00738,0.0,0.05,0.01,1.355,True,,30.0,19.0,0
backfill,2025,22,post_quali,kalshi,ocon,0.0,0.00738,0.0,0.05,0.01,1.355,True,,30.0,13.0,0
backfill,2025,22,post_quali,kalshi,bearman,0.0,0.00738,0.0,0.05,0.01,1.355,True,,30.0,14.0,0
backfill,2025,22,post_quali,kalshi,alonso,0.0,0.00738,0.0,0.05,0.01,1.355,True,,30.0,7.0,0
backfill,2025,22,post_quali,kalshi,tsunoda,0.0,0.02214,0.0,0.05,0.03,1.355,True,,210.0,20.0,0
backfill,2025,22,post_quali,kalshi,gasly,0.0,0.00738,0.0,0.05,0.01,1.355,True,,870.0,10.0,0
backfill,2025,22,post_quali,kalshi,lawson,0.0015,0.00738,0.0,0.05,0.01,1.355,True,,150.0,6.0,0
backfill,2025,22,post_quali,kalshi,colapinto,0.0,0.00738,0.0,0.05,0.01,1.355,True,,2250.0,15.0,0
backfill,2025,22,post_quali,kalshi,albon,0.0,0.02214,0.0,0.05,0.03,1.355,True,,150.0,16.0,0
backfill,2025,22,post_quali,kalshi,bortoleto,0.0,0.00738,0.0,0.05,0.01,1.355,True,,870.0,18.0,0
backfill,2025,22,post_quali,kalshi,stroll,0.0,0.00738,0.0,0.05,0.01,1.355,True,,30.0,12.0,0
backfill,2025,22,post_quali,kalshi,norris,0.67125,0.18081,0.944,0.05,0.245,1.355,True,0.03,30.0,1.0,0
backfill,2025,22,post_quali,kalshi,piastri,0.0915,0.03321,0.0,0.05,0.045,1.355,True,0.03,30.0,5.0,0
backfill,2025,23,post_quali,kalshi,max_verstappen,0.08375,0.12698,0.00225,0.05,0.16,1.26,True,0.02,30.0,3.0,1
backfill,2025,23,post_quali,kalshi,piastri,0.339,0.36508,0.9435,0.05,0.46,1.26,True,0.04,30.0,1.0,0
backfill,2025,23,post_quali,kalshi,sainz,0.002,0.00794,0.0,0.05,0.01,1.26,True,,1110.0,7.0,0
backfill,2025,23,post_quali,kalshi,norris,0.39325,0.31746,0.054,0.05,0.4,1.26,True,0.02,30.0,2.0,0
backfill,2025,23,post_quali,kalshi,antonelli,0.03225,0.00794,0.0,0.05,0.01,1.26,True,,30.0,5.0,0
backfill,2025,23,post_quali,kalshi,russell,0.145,0.06349,0.00025,0.05,0.08,1.26,True,0.04,30.0,4.0,0
backfill,2025,23,post_quali,kalshi,alonso,0.0,0.00794,0.0,0.05,0.01,1.26,True,,90.0,8.0,0
backfill,2025,23,post_quali,kalshi,leclerc,0.0025,0.00794,0.0,0.05,0.01,1.26,True,,30.0,10.0,0
backfill,2025,23,post_quali,kalshi,lawson,0.0,0.00794,0.0,0.05,0.01,1.26,True,,90.0,12.0,0
backfill,2025,23,post_quali,kalshi,tsunoda,0.0,0.00794,0.0,0.05,0.01,1.26,True,,1110.0,15.0,0
backfill,2025,23,post_quali,kalshi,albon,0.0,0.00794,0.0,0.05,0.01,1.26,True,,1110.0,14.0,0
backfill,2025,23,post_quali,kalshi,hamilton,0.0,0.00794,0.0,0.05,0.01,1.26,True,,30.0,17.0,0
backfill,2025,23,post_quali,kalshi,bortoleto,0.0,0.00794,0.0,0.05,0.01,1.26,True,,1110.0,19.0,0
backfill,2025,23,post_quali,kalshi,colapinto,0.0,0.00794,0.0,0.05,0.01,1.26,True,,630.0,20.0,0
backfill,2025,23,post_quali,kalshi,ocon,0.0,0.00794,0.0,0.05,0.01,1.26,True,,1110.0,16.0,0
backfill,2025,23,post_quali,kalshi,gasly,0.00025,0.00794,0.0,0.05,0.01,1.26,True,,630.0,9.0,0
backfill,2025,23,post_quali,kalshi,stroll,0.0,0.00794,0.0,0.05,0.01,1.26,True,,630.0,18.0,0
backfill,2025,23,post_quali,kalshi,hadjar,0.002,0.00794,0.0,0.05,0.01,1.26,True,,150.0,6.0,0
backfill,2025,23,post_quali,kalshi,bearman,0.0,0.00794,0.0,0.05,0.01,1.26,True,,4230.0,13.0,0
backfill,2025,23,post_quali,kalshi,hulkenberg,0.0,0.00794,0.0,0.05,0.01,1.26,True,,1110.0,11.0,0
backfill,2025,24,post_quali,kalshi,max_verstappen,0.23675,0.50973,0.9405,0.05,0.655,1.285,True,0.01,30.0,1.0,1
backfill,2025,24,post_quali,kalshi,piastri,0.1865,0.15175,0.00275,0.05,0.195,1.285,True,0.09,30.0,3.0,0
backfill,2025,24,post_quali,kalshi,norris,0.3985,0.1284,0.05675,0.05,0.165,1.285,True,0.07,30.0,2.0,0
backfill,2025,24,post_quali,kalshi,leclerc,0.01925,0.00778,0.0,0.05,0.01,1.285,True,,30.0,5.0,0
backfill,2025,24,post_quali,kalshi,russell,0.1545,0.0856,0.0,0.05,0.11,1.285,True,0.06,30.0,4.0,0
backfill,2025,24,post_quali,kalshi,alonso,0.0015,0.00778,0.0,0.05,0.01,1.285,True,,1770.0,6.0,0
backfill,2025,24,post_quali,kalshi,ocon,0.0,0.00778,0.0,0.05,0.01,1.285,True,,2430.0,8.0,0
backfill,2025,24,post_quali,kalshi,hamilton,0.00025,0.00778,0.0,0.05,0.01,1.285,True,,30.0,16.0,0
backfill,2025,24,post_quali,kalshi,hulkenberg,0.0,0.00778,0.0,0.05,0.01,1.285,True,,1890.0,18.0,0
backfill,2025,24,post_quali,kalshi,stroll,0.0,0.00778,0.0,0.05,0.01,1.285,True,,4710.0,15.0,0
backfill,2025,24,post_quali,kalshi,bortoleto,0.0,0.00778,0.0,0.05,0.01,1.285,True,,4710.0,7.0,0
backfill,2025,24,post_quali,kalshi,bearman,0.0005,0.00778,0.0,0.05,0.01,1.285,True,,30.0,11.0,0
backfill,2025,24,post_quali,kalshi,sainz,0.00025,0.00778,0.0,0.05,0.01,1.285,True,,1050.0,12.0,0
backfill,2025,24,post_quali,kalshi,tsunoda,0.00025,0.00778,0.0,0.05,0.01,1.285,True,,4710.0,10.0,0
backfill,2025,24,post_quali,kalshi,antonelli,0.00125,0.00778,0.0,0.05,0.01,1.285,True,,210.0,14.0,0
backfill,2025,24,post_quali,kalshi,albon,0.0,0.00778,0.0,0.05,0.01,1.285,True,,1770.0,17.0,0
backfill,2025,24,post_quali,kalshi,hadjar,0.0005,0.00778,0.0,0.05,0.01,1.285,True,,1230.0,9.0,0
backfill,2025,24,post_quali,kalshi,lawson,0.0,0.00778,0.0,0.05,0.01,1.285,True,,4710.0,13.0,0
backfill,2025,24,post_quali,kalshi,gasly,0.0,0.00778,0.0,0.05,0.01,1.285,True,,4710.0,19.0,0
backfill,2025,24,post_quali,kalshi,colapinto,0.0,0.00778,0.0,0.05,0.01,1.285,True,,4710.0,20.0,0
backfill,2026,1,post_quali,kalshi,russell,0.59575,0.59336,0.9425,0.05,0.715,1.205,True,0.01,30.0,1.0,1
backfill,2026,1,post_quali,kalshi,antonelli,0.117,0.07054,0.054,0.05,0.085,1.205,True,0.03,30.0,2.0,0
backfill,2026,1,post_quali,kalshi,leclerc,0.0535,0.11618,0.00025,0.05,0.14,1.205,True,0.04,30.0,4.0,0
backfill,2026,1,post_quali,kalshi,hamilton,0.00275,0.05394,0.0,0.05,0.065,1.205,True,0.05,30.0,7.0,0
backfill,2026,1,post_quali,kalshi,norris,0.181,0.02075,0.0,0.05,0.025,1.205,True,0.01,30.0,6.0,0
backfill,2026,1,post_quali,kalshi,max_verstappen,0.00025,0.02075,0.0,0.05,0.025,1.205,True,0.01,30.0,20.0,0
backfill,2026,1,post_quali,kalshi,bearman,0.0,0.0083,0.0,0.05,0.01,1.205,True,,150.0,12.0,0
backfill,2026,1,post_quali,kalshi,arvid_lindblad,0.001,0.0083,0.0,0.05,0.01,1.205,True,,30.0,9.0,0
backfill,2026,1,post_quali,kalshi,bortoleto,0.0005,0.0083,0.0,0.05,0.01,1.205,True,,30.0,10.0,0
backfill,2026,1,post_quali,kalshi,gasly,0.0,0.0083,0.0,0.05,0.01,1.205,True,,210.0,14.0,0
backfill,2026,1,post_quali,kalshi,ocon,0.0,0.0083,0.0,0.05,0.01,1.205,True,,750.0,13.0,0
backfill,2026,1,post_quali,kalshi,albon,0.0,0.0083,0.0,0.05,0.01,1.205,True,,30.0,15.0,0
backfill,2026,1,post_quali,kalshi,lawson,0.00075,0.0083,0.0,0.05,0.01,1.205,True,,570.0,8.0,0
backfill,2026,1,post_quali,kalshi,colapinto,0.0,0.0083,0.0,0.05,0.01,1.205,True,,3090.0,16.0,0
backfill,2026,1,post_quali,kalshi,sainz,0.0,0.0083,0.0,0.05,0.01,1.205,True,,330.0,21.0,0
backfill,2026,1,post_quali,kalshi,perez,0.0,0.0083,0.0,0.05,0.01,1.205,True,,150.0,18.0,0
backfill,2026,1,post_quali,kalshi,stroll,0.0,0.0083,0.0,0.05,0.01,1.205,True,,3690.0,22.0,0
backfill,2026,1,post_quali,kalshi,alonso,0.0,0.0083,0.0,0.05,0.01,1.205,True,,30.0,17.0,0
backfill,2026,1,post_quali,kalshi,bottas,0.0,0.0083,0.0,0.05,0.01,1.205,True,,150.0,19.0,0
backfill,2026,1,post_quali,kalshi,hadjar,0.0475,0.0166,0.00325,0.05,0.02,1.205,True,,30.0,3.0,0
backfill,2026,2,post_quali,kalshi,antonelli,0.3205,0.22535,0.93975,0.05556,0.24,1.065,True,0.2,30.0,1.0,1
backfill,2026,2,post_quali,kalshi,russell,0.55175,0.51643,0.05675,0.05556,0.55,1.065,True,0.02,30.0,2.0,0
backfill,2026,2,post_quali,kalshi,hamilton,0.03075,0.06103,0.0035,0.05556,0.065,1.065,True,0.05,30.0,3.0,0
backfill,2026,2,post_quali,kalshi,leclerc,0.0715,0.05634,0.0,0.05556,0.06,1.065,True,0.04,30.0,4.0,0
backfill,2026,2,post_quali,kalshi,bearman,0.0005,0.00939,0.0,0.05556,0.01,1.065,True,,210.0,10.0,0
backfill,2026,2,post_quali,kalshi,gasly,0.001,0.00939,0.0,0.05556,0.01,1.065,True,,210.0,7.0,0
backfill,2026,2,post_quali,kalshi,lawson,0.0,0.00939,0.0,0.05556,0.01,1.065,True,,210.0,14.0,0
backfill,2026,2,post_quali,kalshi,hadjar,0.006,0.00939,0.0,0.05556,0.01,1.065,True,,210.0,9.0,0
backfill,2026,2,post_quali,kalshi,sainz,0.0,0.00939,0.0,0.05556,0.01,1.065,True,,210.0,17.0,0
backfill,2026,2,post_quali,kalshi,colapinto,0.0,0.00939,0.0,0.05556,0.01,1.065,True,,210.0,12.0,0
backfill,2026,2,post_quali,kalshi,hulkenberg,0.00025,0.00939,0.0,0.05556,0.01,1.065,True,,210.0,11.0,0
backfill,2026,2,post_quali,kalshi,arvid_lindblad,0.0005,0.00939,0.0,0.05556,0.01,1.065,True,,210.0,15.0,0
backfill,2026,2,post_quali,kalshi,bottas,0.0,0.00939,0.0,0.05556,0.01,1.065,True,,210.0,19.0,0
backfill,2026,2,post_quali,kalshi,ocon,0.0,0.00939,0.0,0.05556,0.01,1.065,True,,210.0,13.0,0
backfill,2026,2,post_quali,kalshi,perez,0.0,0.00939,0.0,0.05556,0.01,1.065,True,,210.0,21.0,0
backfill,2026,2,post_quali,kalshi,max_verstappen,0.01725,0.01878,0.0,0.05556,0.02,1.065,True,0.02,30.0,8.0,0
backfill,2026,2,post_quali,kalshi,alonso,0.0,0.00939,0.0,0.05556,0.01,1.065,True,,210.0,18.0,0
backfill,2026,2,post_quali,kalshi,stroll,0.0,0.00939,0.0,0.05556,0.01,1.065,True,,210.0,20.0,0
backfill,2026,3,post_quali,kalshi,antonelli,0.27925,0.50218,0.93925,0.04545,0.575,1.135,True,0.05,30.0,1.0,1
backfill,2026,3,post_quali,kalshi,piastri,0.17625,0.03493,0.0025,0.04545,0.04,1.135,True,0.02,30.0,3.0,0
backfill,2026,3,post_quali,kalshi,leclerc,0.0535,0.04367,0.00025,0.04545,0.05,1.135,True,0.02,30.0,4.0,0
backfill,2026,3,post_quali,kalshi,russell,0.38425,0.23581,0.058,0.04545,0.27,1.135,True,0.02,30.0,2.0,0
backfill,2026,3,post_quali,kalshi,norris,0.09225,0.0262,0.0,0.04545,0.03,1.135,True,0.02,30.0,5.0,0
backfill,2026,3,post_quali,kalshi,hamilton,0.0095,0.0262,0.0,0.04545,0.03,1.135,True,0.02,30.0,6.0,0
backfill,2026,3,post_quali,kalshi,gasly,0.0005,0.00873,0.0,0.04545,0.01,1.135,True,,1650.0,7.0,0
backfill,2026,3,post_quali,kalshi,max_verstappen,0.00075,0.00873,0.0,0.04545,0.01,1.135,True,,30.0,11.0,0
backfill,2026,3,post_quali,kalshi,lawson,0.0,0.00873,0.0,0.04545,0.01,1.135,True,,2430.0,14.0,0
backfill,2026,3,post_quali,kalshi,ocon,0.00025,0.00873,0.0,0.04545,0.01,1.135,True,,930.0,12.0,0
backfill,2026,3,post_quali,kalshi,hulkenberg,0.00025,0.00873,0.0,0.04545,0.01,1.135,True,,930.0,13.0,0
backfill,2026,3,post_quali,kalshi,hadjar,0.003,0.00873,0.0,0.04545,0.01,1.135,True,,390.0,8.0,0
backfill,2026,3,post_quali,kalshi,bortoleto,0.0,0.00873,0.0,0.04545,0.01,1.135,True,,930.0,9.0,0
backfill,2026,3,post_quali,kalshi,arvid_lindblad,0.00025,0.00873,0.0,0.04545,0.01,1.135,True,,1170.0,10.0,0
backfill,2026,3,post_quali,kalshi,sainz,0.0,0.00873,0.0,0.04545,0.01,1.135,True,,450.0,16.0,0
backfill,2026,3,post_quali,kalshi,colapinto,0.0,0.00873,0.0,0.04545,0.01,1.135,True,,2430.0,15.0,0
backfill,2026,3,post_quali,kalshi,perez,0.0,0.00437,0.0,0.04545,0.005,1.135,False,,,19.0,0
backfill,2026,3,post_quali,kalshi,alonso,0.0,0.00873,0.0,0.04545,0.01,1.135,True,,3090.0,21.0,0
backfill,2026,3,post_quali,kalshi,bottas,0.0,0.00437,0.0,0.04545,0.005,1.135,False,,,20.0,0
backfill,2026,3,post_quali,kalshi,albon,0.0,0.00873,0.0,0.04545,0.01,1.135,True,,930.0,17.0,0
backfill,2026,3,post_quali,kalshi,stroll,0.0,0.00873,0.0,0.04545,0.01,1.135,True,,30.0,22.0,0
backfill,2026,3,post_quali,kalshi,bearman,0.0,0.00873,0.0,0.04545,0.01,1.135,True,,630.0,18.0,0
backfill,2026,4,post_quali,kalshi,antonelli,0.4335,0.37674,0.94625,0.04545,0.405,1.075,True,0.07,30.0,1.0,1
backfill,2026,4,post_quali,kalshi,norris,0.1255,0.10233,0.0,0.04545,0.11,1.075,True,0.02,30.0,4.0,0
backfill,2026,4,post_quali,kalshi,piastri,0.03225,0.08837,0.0,0.04545,0.095,1.075,True,0.05,30.0,7.0,0
backfill,2026,4,post_quali,kalshi,russell,0.143,0.08837,0.0,0.04545,0.095,1.075,True,0.07,30.0,5.0,0
backfill,2026,4,post_quali,kalshi,max_verstappen,0.08375,0.08837,0.0515,0.04545,0.095,1.075,True,0.07,30.0,2.0,0
backfill,2026,4,post_quali,kalshi,hamilton,0.017,0.04651,0.0,0.04545,0.05,1.075,True,0.06,30.0,6.0,0
backfill,2026,4,post_quali,kalshi,colapinto,0.00025,0.0093,0.0,0.04545,0.01,1.075,True,,390.0,8.0,0
backfill,2026,4,post_quali,kalshi,leclerc,0.164,0.06977,0.00225,0.04545,0.075,1.075,True,0.03,30.0,3.0,0
backfill,2026,4,post_quali,kalshi,sainz,0.0,0.0093,0.0,0.04545,0.01,1.075,True,,90.0,13.0,0
backfill,2026,4,post_quali,kalshi,albon,0.0,0.0093,0.0,0.04545,0.01,1.075,True,,2490.0,15.0,0
backfill,2026,4,post_quali,kalshi,bearman,0.00025,0.0093,0.0,0.04545,0.01,1.075,True,,3930.0,12.0,0
backfill,2026,4,post_quali,kalshi,bortoleto,0.0,0.0093,0.0,0.04545,0.01,1.075,True,,1590.0,21.0,0
backfill,2026,4,post_quali,kalshi,ocon,0.0,0.0093,0.0,0.04545,0.01,1.075,True,,3990.0,14.0,0
backfill,2026,4,post_quali,kalshi,arvid_lindblad,0.0,0.0093,0.0,0.04545,0.01,1.075,True,,3990.0,16.0,0
backfill,2026,4,post_quali,kalshi,alonso,0.0,0.0093,0.0,0.04545,0.01,1.075,True,,90.0,17.0,0
backfill,2026,4,post_quali,kalshi,perez,0.0,0.0093,0.0,0.04545,0.01,1.075,True,,90.0,20.0,0
backfill,2026,4,post_quali,kalshi,stroll,0.0,0.0093,0.0,0.04545,0.01,1.075,True,,270.0,18.0,0
backfill,2026,4,post_quali,kalshi,bottas,0.0,0.0093,0.0,0.04545,0.01,1.075,True,,1710.0,19.0,0
backfill,2026,4,post_quali,kalshi,hulkenberg,0.0,0.0093,0.0,0.04545,0.01,1.075,True,,1170.0,10.0,0
backfill,2026,4,post_quali,kalshi,lawson,0.0,0.0093,0.0,0.04545,0.01,1.075,True,,2430.0,11.0,0
backfill,2026,4,post_quali,kalshi,gasly,0.0005,0.0093,0.0,0.04545,0.01,1.075,True,,510.0,9.0,0
backfill,2026,4,post_quali,kalshi,hadjar,0.0,0.0093,0.0,0.04545,0.01,1.075,True,,30.0,22.0,0
backfill,2026,5,post_quali,kalshi,antonelli,0.2255,0.3633,0.0495,0.04762,0.485,1.335,True,0.01,30.0,2.0,1
backfill,2026,5,post_quali,kalshi,hamilton,0.00975,0.04869,0.0,0.04762,0.065,1.335,True,0.01,30.0,5.0,0
backfill,2026,5,post_quali,kalshi,max_verstappen,0.01225,0.04494,0.0,0.04762,0.06,1.335,True,0.02,30.0,6.0,0
backfill,2026,5,post_quali,kalshi,leclerc,0.00925,0.01124,0.0,0.04762,0.015,1.335,True,0.01,30.0,8.0,0
backfill,2026,5,post_quali,kalshi,hadjar,0.003,0.02622,0.0,0.04762,0.035,1.335,True,0.05,30.0,7.0,0
backfill,2026,5,post_quali,kalshi,colapinto,0.0,0.00749,0.0,0.04762,0.01,1.335,True,,1650.0,10.0,0
backfill,2026,5,post_quali,kalshi,lawson,0.0,0.00749,0.0,0.04762,0.01,1.335,True,,1650.0,12.0,0
backfill,2026,5,post_quali,kalshi,gasly,0.0,0.00749,0.0,0.04762,0.01,1.335,True,,1650.0,14.0,0
backfill,2026,5,post_quali,kalshi,sainz,0.0,0.00749,0.0,0.04762,0.01,1.335,True,,330.0,15.0,0
backfill,2026,5,post_quali,kalshi,bearman,0.0,0.00749,0.0,0.04762,0.01,1.335,True,,1050.0,16.0,0
backfill,2026,5,post_quali,kalshi,piastri,0.0825,0.0412,0.0,0.04762,0.055,1.335,True,0.01,30.0,4.0,0
backfill,2026,5,post_quali,kalshi,hulkenberg,0.0,0.00749,0.0,0.04762,0.01,1.335,True,,1650.0,11.0,0
backfill,2026,5,post_quali,kalshi,bortoleto,0.0,0.00749,0.0,0.04762,0.01,1.335,True,,1650.0,13.0,0
backfill,2026,5,post_quali,kalshi,ocon,0.0,0.00749,0.0,0.04762,0.01,1.335,True,,990.0,17.0,0
backfill,2026,5,post_quali,kalshi,stroll,0.0,0.00749,0.0,0.04762,0.01,1.335,True,,30.0,22.0,0
backfill,2026,5,post_quali,kalshi,bottas,0.0,0.00749,0.0,0.04762,0.01,1.335,True,,8310.0,21.0,0
backfill,2026,5,post_quali,kalshi,perez,0.0,0.00749,0.0,0.04762,0.01,1.335,True,,30.0,20.0,0
backfill,2026,5,post_quali,kalshi,norris,0.158,0.20225,0.004,0.04762,0.27,1.335,True,0.02,30.0,3.0,0
backfill,2026,5,post_quali,kalshi,russell,0.49975,0.16479,0.9465,0.04762,0.22,1.335,True,0.04,30.0,1.0,0
backfill,2026,5,post_quali,kalshi,alonso,0.0,0.00749,0.0,0.04762,0.01,1.335,True,,1650.0,19.0,0
backfill,2026,5,post_quali,kalshi,albon,0.0,0.00749,0.0,0.04762,0.01,1.335,True,,1170.0,18.0,0
backfill,2026,6,post_quali,kalshi,antonelli,0.59925,0.25681,0.941,0.04545,0.33,1.285,True,0.04,30.0,1.0,1
backfill,2026,6,post_quali,kalshi,hamilton,0.06375,0.09339,0.0025,0.04545,0.12,1.285,True,0.06,30.0,3.0,0
backfill,2026,6,post_quali,kalshi,hadjar,0.01375,0.01167,0.0,0.04545,0.015,1.285,True,0.01,30.0,5.0,0
backfill,2026,6,post_quali,kalshi,piastri,0.032,0.01167,0.0,0.04545,0.015,1.285,True,0.01,30.0,7.0,0
backfill,2026,6,post_quali,kalshi,lawson,0.00025,0.00778,0.0,0.04545,0.01,1.285,True,,90.0,10.0,0
backfill,2026,6,post_quali,kalshi,arvid_lindblad,0.0,0.00778,0.0,0.04545,0.01,1.285,True,,450.0,15.0,0
backfill,2026,6,post_quali,kalshi,gasly,0.001,0.00778,0.0,0.04545,0.01,1.285,True,,450.0,9.0,0
backfill,2026,6,post_quali,kalshi,albon,0.0,0.00778,0.0,0.04545,0.01,1.285,True,,450.0,11.0,0
backfill,2026,6,post_quali,kalshi,ocon,0.0,0.00778,0.0,0.04545,0.01,1.285,True,,450.0,17.0,0
backfill,2026,6,post_quali,kalshi,alonso,0.0,0.00778,0.0,0.04545,0.01,1.285,True,,90.0,21.0,0
backfill,2026,6,post_quali,kalshi,bortoleto,0.0,0.00778,0.0,0.04545,0.01,1.285,True,,450.0,16.0,0
backfill,2026,6,post_quali,kalshi,russell,0.09625,0.03891,0.0,0.04545,0.05,1.285,True,0.02,30.0,6.0,0
backfill,2026,6,post_quali,kalshi,hulkenberg,0.00025,0.00778,0.0,0.04545,0.01,1.285,True,,450.0,13.0,0
backfill,2026,6,post_quali,kalshi,colapinto,0.0,0.00778,0.0,0.04545,0.01,1.285,True,,450.0,14.0,0
backfill,2026,6,post_quali,kalshi,perez,0.0,0.00778,0.0,0.04545,0.01,1.285,True,,90.0,18.0,0
backfill,2026,6,post_quali,kalshi,sainz,0.0,0.00778,0.0,0.04545,0.01,1.285,True,,30.0,12.0,0
backfill,2026,6,post_quali,kalshi,leclerc,0.065,0.22568,0.0005,0.04545,0.29,1.285,True,0.04,30.0,4.0,0
backfill,2026,6,post_quali,kalshi,stroll,0.0,0.00778,0.0,0.04545,0.01,1.285,True,,450.0,22.0,0
backfill,2026,6,post_quali,kalshi,norris,0.02925,0.03502,0.0,0.04545,0.045,1.285,True,0.01,30.0,8.0,0
backfill,2026,6,post_quali,kalshi,bearman,0.0,0.00778,0.0,0.04545,0.01,1.285,True,,450.0,19.0,0
backfill,2026,6,post_quali,kalshi,bottas,0.0,0.00778,0.0,0.04545,0.01,1.285,True,,450.0,20.0,0
backfill,2026,6,post_quali,kalshi,max_verstappen,0.09925,0.2179,0.056,0.04545,0.28,1.285,True,0.04,30.0,2.0,0
backfill,2026,7,post_quali,kalshi,hamilton,0.119,0.06154,0.06975,0.04545,0.08,1.3,True,0.04,30.0,2.0,1
backfill,2026,7,post_quali,kalshi,russell,0.57225,0.28462,0.92675,0.04545,0.37,1.3,True,0.06,30.0,1.0,0
backfill,2026,7,post_quali,kalshi,norris,0.0625,0.05769,0.0005,0.04545,0.075,1.3,True,0.03,30.0,4.0,0
backfill,2026,7,post_quali,kalshi,max_verstappen,0.0175,0.07692,0.0,0.04545,0.1,1.3,True,0.02,30.0,5.0,0
backfill,2026,7,post_quali,kalshi,piastri,0.014,0.08077,0.0,0.04545,0.105,1.3,True,0.01,30.0,7.0,0
backfill,2026,7,post_quali,kalshi,hadjar,0.00675,0.00769,0.0,0.04545,0.01,1.3,True,,30.0,6.0,0
backfill,2026,7,post_quali,kalshi,gasly,0.0,0.00769,0.0,0.04545,0.01,1.3,True,,1350.0,14.0,0
backfill,2026,7,post_quali,kalshi,lawson,0.001,0.00769,0.0,0.04545,0.01,1.3,True,,1350.0,8.0,0
backfill,2026,7,post_quali,kalshi,arvid_lindblad,0.0,0.00769,0.0,0.04545,0.01,1.3,True,,90.0,11.0,0
backfill,2026,7,post_quali,kalshi,colapinto,0.0,0.00769,0.0,0.04545,0.01,1.3,True,,1290.0,13.0,0
backfill,2026,7,post_quali,kalshi,bortoleto,0.0,0.00769,0.0,0.04545,0.01,1.3,True,,2070.0,12.0,0
backfill,2026,7,post_quali,kalshi,sainz,0.0,0.00769,0.0,0.04545,0.01,1.3,True,,1410.0,16.0,0
backfill,2026,7,post_quali,kalshi,ocon,0.0,0.00769,0.0,0.04545,0.01,1.3,True,,570.0,17.0,0
backfill,2026,7,post_quali,kalshi,perez,0.0,0.00769,0.0,0.04545,0.01,1.3,True,,570.0,19.0,0
backfill,2026,7,post_quali,kalshi,leclerc,0.003,0.01538,0.0,0.04545,0.02,1.3,True,0.02,30.0,10.0,0
backfill,2026,7,post_quali,kalshi,antonelli,0.204,0.30769,0.003,0.04545,0.4,1.3,True,0.02,30.0,3.0,0
backfill,2026,7,post_quali,kalshi,bearman,0.0,0.00769,0.0,0.04545,0.01,1.3,True,,2070.0,15.0,0
backfill,2026,7,post_quali,kalshi,albon,0.0,0.00769,0.0,0.04545,0.01,1.3,True,,90.0,18.0,0
backfill,2026,7,post_quali,kalshi,alonso,0.0,0.00769,0.0,0.04545,0.01,1.3,True,,630.0,22.0,0
backfill,2026,7,post_quali,kalshi,hulkenberg,0.0,0.00769,0.0,0.04545,0.01,1.3,True,,30.0,9.0,0
backfill,2026,7,post_quali,kalshi,bottas,0.0,0.00769,0.0,0.04545,0.01,1.3,True,,7110.0,20.0,0
backfill,2026,7,post_quali,kalshi,stroll,0.0,0.00769,0.0,0.04545,0.01,1.3,True,,1230.0,21.0,0
backfill,2026,8,post_quali,kalshi,russell,0.56,0.108,0.92425,0.04545,0.135,1.25,True,0.07,30.0,1.0,1
backfill,2026,8,post_quali,kalshi,max_verstappen,0.02175,0.124,0.00025,0.04545,0.155,1.25,True,0.03,30.0,5.0,0
backfill,2026,8,post_quali,kalshi,antonelli,0.12425,0.472,0.00025,0.04545,0.59,1.25,True,0.04,30.0,4.0,0
backfill,2026,8,post_quali,kalshi,piastri,0.014,0.04,0.0,0.04545,0.05,1.25,True,0.04,30.0,7.0,0
backfill,2026,8,post_quali,kalshi,hamilton,0.08475,0.084,0.00525,0.04545,0.105,1.25,True,0.03,30.0,3.0,0
backfill,2026,8,post_quali,kalshi,hadjar,0.0025,0.008,0.0,0.04545,0.01,1.25,True,,30.0,8.0,0
backfill,2026,8,post_quali,kalshi,norris,0.02375,0.024,0.0,0.04545,0.03,1.25,True,0.02,30.0,6.0,0
backfill,2026,8,post_quali,kalshi,leclerc,0.1675,0.028,0.07,0.04545,0.035,1.25,True,0.01,30.0,2.0,0
backfill,2026,8,post_quali,kalshi,lawson,0.0005,0.008,0.0,0.04545,0.01,1.25,True,,30.0,9.0,0
backfill,2026,8,post_quali,kalshi,arvid_lindblad,0.00025,0.008,0.0,0.04545,0.01,1.25,True,,30.0,10.0,0
backfill,2026,8,post_quali,kalshi,bortoleto,0.0,0.008,0.0,0.04545,0.01,1.25,True,,1290.0,12.0,0
backfill,2026,8,post_quali,kalshi,hulkenberg,0.0,0.008,0.0,0.04545,0.01,1.25,True,,1290.0,14.0,0
backfill,2026,8,post_quali,kalshi,gasly,0.0005,0.008,0.0,0.04545,0.01,1.25,True,,90.0,11.0,0
backfill,2026,8,post_quali,kalshi,bearman,0.00025,0.008,0.0,0.04545,0.01,1.25,True,,1110.0,13.0,0
backfill,2026,8,post_quali,kalshi,colapinto,0.0,0.008,0.0,0.04545,0.01,1.25,True,,7050.0,16.0,0
backfill,2026,8,post_quali,kalshi,ocon,0.0,0.008,0.0,0.04545,0.01,1.25,True,,1890.0,15.0,0
backfill,2026,8,post_quali,kalshi,albon,0.0,0.008,0.0,0.04545,0.01,1.25,True,,1290.0,18.0,0
backfill,2026,8,post_quali,kalshi,alonso,0.0,0.008,0.0,0.04545,0.01,1.25,True,,3630.0,21.0,0
backfill,2026,8,post_quali,kalshi,stroll,0.0,0.008,0.0,0.04545,0.01,1.25,True,,1050.0,22.0,0
backfill,2026,8,post_quali,kalshi,sainz,0.0,0.008,0.0,0.04545,0.01,1.25,True,,90.0,17.0,0
backfill,2026,8,post_quali,kalshi,perez,0.0,0.008,0.0,0.04545,0.01,1.25,True,,6810.0,19.0,0
backfill,2026,8,post_quali,kalshi,bottas,0.0,0.008,0.0,0.04545,0.01,1.25,True,,750.0,20.0,0
backfill,2026,9,post_quali,kalshi,leclerc,0.18075,0.03175,0.056,0.04545,0.04,1.26,True,0.02,30.0,2.0,1
backfill,2026,9,post_quali,kalshi,russell,0.1555,0.10317,0.0005,0.04545,0.13,1.26,True,0.04,30.0,4.0,0
backfill,2026,9,post_quali,kalshi,hamilton,0.1005,0.25397,0.00375,0.04545,0.32,1.26,True,0.02,30.0,3.0,0
backfill,2026,9,post_quali,kalshi,norris,0.01625,0.01587,0.0,0.04545,0.02,1.26,True,0.02,30.0,6.0,0
backfill,2026,9,post_quali,kalshi,hadjar,0.0135,0.00794,0.0,0.04545,0.01,1.26,True,,30.0,5.0,0
backfill,2026,9,post_quali,kalshi,lawson,0.00025,0.00794,0.0,0.04545,0.01,1.26,True,,510.0,10.0,0
backfill,2026,9,post_quali,kalshi,arvid_lindblad,0.0005,0.00794,0.0,0.04545,0.01,1.26,True,,6510.0,9.0,0
backfill,2026,9,post_quali,kalshi,bortoleto,0.0,0.00794,0.0,0.04545,0.01,1.26,True,,18150.0,11.0,0
backfill,2026,9,post_quali,kalshi,colapinto,0.0,0.00794,0.0,0.04545,0.01,1.26,True,,18150.0,19.0,0
backfill,2026,9,post_quali,kalshi,gasly,0.0,0.00794,0.0,0.04545,0.01,1.26,True,,15390.0,15.0,0
backfill,2026,9,post_quali,kalshi,piastri,0.00275,0.00794,0.0,0.04545,0.01,1.26,True,,30.0,8.0,0
backfill,2026,9,post_quali,kalshi,bearman,0.0,0.00794,0.0,0.04545,0.01,1.26,True,,18150.0,13.0,0
backfill,2026,9,post_quali,kalshi,ocon,0.0,0.00794,0.0,0.04545,0.01,1.26,True,,18150.0,17.0,0
backfill,2026,9,post_quali,kalshi,perez,0.0,0.00794,0.0,0.04545,0.01,1.26,True,,1410.0,20.0,0
backfill,2026,9,post_quali,kalshi,antonelli,0.51825,0.4127,0.93975,0.04545,0.52,1.26,True,0.02,30.0,1.0,0
backfill,2026,9,post_quali,kalshi,bottas,0.0,0.00794,0.0,0.04545,0.01,1.26,True,,1410.0,18.0,0
backfill,2026,9,post_quali,kalshi,sainz,0.0,0.00794,0.0,0.04545,0.01,1.26,True,,3450.0,14.0,0
backfill,2026,9,post_quali,kalshi,alonso,0.0,0.00794,0.0,0.04545,0.01,1.26,True,,1170.0,21.0,0
backfill,2026,9,post_quali,kalshi,stroll,0.0,0.00794,0.0,0.04545,0.01,1.26,True,,18150.0,22.0,0
backfill,2026,9,post_quali,kalshi,max_verstappen,0.01175,0.05556,0.0,0.04545,0.07,1.26,True,0.02,30.0,7.0,0
backfill,2026,9,post_quali,kalshi,albon,0.0,0.00794,0.0,0.04545,0.01,1.26,True,,12570.0,16.0,0
backfill,2026,9,post_quali,kalshi,hulkenberg,0.0,0.00794,0.0,0.04545,0.01,1.26,True,,2070.0,12.0,0
backfill,2026,10,post_quali,kalshi,antonelli,0.5475,0.4878,0.94,0.04545,0.6,1.23,True,0.02,30.0,1.0,1
backfill,2026,10,post_quali,kalshi,leclerc,0.072,0.06098,0.00025,0.04545,0.075,1.23,True,0.03,30.0,4.0,0
backfill,2026,10,post_quali,kalshi,max_verstappen,0.07625,0.14634,0.05625,0.04545,0.18,1.23,True,0.02,30.0,2.0,0
backfill,2026,10,post_quali,kalshi,hamilton,0.04775,0.05285,0.00025,0.04545,0.065,1.23,True,0.03,30.0,5.0,0
backfill,2026,10,post_quali,kalshi,piastri,0.01475,0.0122,0.0,0.04545,0.015,1.23,True,0.01,30.0,6.0,0
backfill,2026,10,post_quali,kalshi,hadjar,0.0,0.00813,0.0,0.04545,0.01,1.23,True,,30.0,21.0,0
backfill,2026,10,post_quali,kalshi,norris,0.00025,0.02846,0.0,0.04545,0.035,1.23,True,0.01,30.0,13.0,0
backfill,2026,10,post_quali,kalshi,bortoleto,0.00025,0.00813,0.0,0.04545,0.01,1.23,True,,990.0,8.0,0
backfill,2026,10,post_quali,kalshi,arvid_lindblad,0.0025,0.00813,0.0,0.04545,0.01,1.23,True,,30.0,7.0,0
backfill,2026,10,post_quali,kalshi,colapinto,0.0,0.00813,0.0,0.04545,0.01,1.23,True,,990.0,11.0,0
backfill,2026,10,post_quali,kalshi,gasly,0.0005,0.00813,0.0,0.04545,0.01,1.23,True,,1650.0,10.0,0
backfill,2026,10,post_quali,kalshi,lawson,0.0005,0.00813,0.0,0.04545,0.01,1.23,True,,990.0,9.0,0
backfill,2026,10,post_quali,kalshi,hulkenberg,0.0,0.00813,0.0,0.04545,0.01,1.23,True,,990.0,12.0,0
backfill,2026,10,post_quali,kalshi,bearman,0.0,0.00813,0.0,0.04545,0.01,1.23,True,,2850.0,14.0,0
backfill,2026,10,post_quali,kalshi,albon,0.0,0.00813,0.0,0.04545,0.01,1.23,True,,510.0,15.0,0
backfill,2026,10,post_quali,kalshi,sainz,0.0,0.00813,0.0,0.04545,0.01,1.23,True,,990.0,19.0,0
backfill,2026,10,post_quali,kalshi,ocon,0.0,0.00813,0.0,0.04545,0.01,1.23,True,,990.0,16.0,0
backfill,2026,10,post_quali,kalshi,bottas,0.0,0.00813,0.0,0.04545,0.01,1.23,True,,2790.0,17.0,0
backfill,2026,10,post_quali,kalshi,alonso,0.0,0.00813,0.0,0.04545,0.01,1.23,True,,990.0,22.0,0
backfill,2026,10,post_quali,kalshi,stroll,0.0,0.00813,0.0,0.04545,0.01,1.23,True,,990.0,20.0,0
backfill,2026,10,post_quali,kalshi,perez,0.0,0.00813,0.0,0.04545,0.01,1.23,True,,690.0,18.0,0
backfill,2026,10,post_quali,kalshi,russell,0.23775,0.08943,0.00325,0.04545,0.11,1.23,True,0.02,30.0,3.0,0
backfill,2026,11,post_quali,kalshi,norris,0.191,0.17004,0.93425,0.04545,0.21,1.235,True,0.02,30.0,1.0,1
backfill,2026,11,post_quali,kalshi,max_verstappen,0.0805,0.04049,0.00075,0.04545,0.05,1.235,True,0.02,30.0,4.0,0
backfill,2026,11,post_quali,kalshi,antonelli,0.03525,0.1498,0.0,0.04545,0.185,1.235,True,0.01,30.0,7.0,0
backfill,2026,11,post_quali,kalshi,leclerc,0.4425,0.12551,0.0585,0.04545,0.155,1.235,True,0.01,30.0,2.0,0
backfill,2026,11,post_quali,kalshi,hamilton,0.08975,0.32794,0.0,0.04545,0.405,1.235,True,0.05,30.0,5.0,0
backfill,2026,11,post_quali,kalshi,hadjar,0.004,0.0081,0.0,0.04545,0.01,1.235,True,,30.0,8.0,0
backfill,2026,11,post_quali,kalshi,russell,0.07475,0.03644,0.0,0.04545,0.045,1.235,True,0.01,30.0,6.0,0
backfill,2026,11,post_quali,kalshi,lawson,0.0005,0.0081,0.0,0.04545,0.01,1.235,True,,90.0,11.0,0
backfill,2026,11,post_quali,kalshi,hulkenberg,0.0005,0.0081,0.0,0.04545,0.01,1.235,True,,90.0,10.0,0
backfill,2026,11,post_quali,kalshi,arvid_lindblad,0.00175,0.0081,0.0,0.04545,0.01,1.235,True,,90.0,9.0,0
backfill,2026,11,post_quali,kalshi,bortoleto,0.0,0.0081,0.0,0.04545,0.01,1.235,True,,90.0,14.0,0
backfill,2026,11,post_quali,kalshi,gasly,0.0,0.0081,0.0,0.04545,0.01,1.235,True,,90.0,12.0,0
backfill,2026,11,post_quali,kalshi,stroll,0.0,0.0081,0.0,0.04545,0.01,1.235,True,,90.0,20.0,0
backfill,2026,11,post_quali,kalshi,alonso,0.0,0.0081,0.0,0.04545,0.01,1.235,True,,90.0,16.0,0
backfill,2026,11,post_quali,kalshi,colapinto,0.0,0.0081,0.0,0.04545,0.01,1.235,True,,90.0,13.0,0
backfill,2026,11,post_quali,kalshi,ocon,0.0,0.0081,0.0,0.04545,0.01,1.235,True,,90.0,15.0,0
backfill,2026,11,post_quali,kalshi,albon,0.0,0.0081,0.0,0.04545,0.01,1.235,True,,90.0,19.0,0
backfill,2026,11,post_quali,kalshi,sainz,0.0,0.0081,0.0,0.04545,0.01,1.235,True,,90.0,18.0,0
backfill,2026,11,post_quali,kalshi,bearman,0.0,0.0081,0.0,0.04545,0.01,1.235,True,,90.0,17.0,0
backfill,2026,11,post_quali,kalshi,piastri,0.0795,0.02834,0.0065,0.04545,0.035,1.235,True,0.03,30.0,3.0,0
backfill,2026,11,post_quali,kalshi,perez,0.0,0.0081,0.0,0.04545,0.01,1.235,True,,30.0,22.0,0
backfill,2026,11,post_quali,kalshi,bottas,0.0,0.0081,0.0,0.04545,0.01,1.235,True,,90.0,21.0,0
backfill,2026,12,post_quali,kalshi,norris,0.2755,0.31513,0.94325,0.04545,0.375,1.175,True,0.03,30.0,1.0,1
backfill,2026,12,post_quali,kalshi,antonelli,0.18225,0.20588,0.00425,0.04545,0.245,1.175,True,0.03,30.0,3.0,0
backfill,2026,12,post_quali,kalshi,russell,0.32325,0.16807,0.0525,0.04545,0.2,1.175,True,0.04,30.0,2.0,0
backfill,2026,12,post_quali,kalshi,hamilton,0.078,0.02521,0.0,0.04545,0.03,1.175,True,0.02,30.0,5.0,0
backfill,2026,12,post_quali,kalshi,leclerc,0.0595,0.05882,0.0,0.04545,0.07,1.175,True,0.02,30.0,6.0,0
backfill,2026,12,post_quali,kalshi,piastri,0.065,0.07563,0.0,0.04545,0.09,1.175,True,0.02,30.0,4.0,0
backfill,2026,12,post_quali,kalshi,lawson,0.0035,0.0084,0.0,0.04545,0.01,1.175,True,,30.0,8.0,0
backfill,2026,12,post_quali,kalshi,hulkenberg,0.0,0.0084,0.0,0.04545,0.01,1.175,True,,810.0,13.0,0
backfill,2026,12,post_quali,kalshi,alonso,0.0,0.0084,0.0,0.04545,0.01,1.175,True,,2370.0,18.0,0
backfill,2026,12,post_quali,kalshi,gasly,0.00025,0.0084,0.0,0.04545,0.01,1.175,True,,10830.0,11.0,0
backfill,2026,12,post_quali,kalshi,tsunoda,0.0,0.0042,0.0,0.04545,0.005,1.175,False,,,12.0,0
backfill,2026,12,post_quali,kalshi,arvid_lindblad,0.00075,0.0042,0.0,0.04545,0.005,1.175,False,,,10.0,0
backfill,2026,12,post_quali,kalshi,bortoleto,0.0005,0.0084,0.0,0.04545,0.01,1.175,True,,2010.0,9.0,0
backfill,2026,12,post_quali,kalshi,colapinto,0.0,0.0084,0.0,0.04545,0.01,1.175,True,,2790.0,14.0,0
backfill,2026,12,post_quali,kalshi,perez,0.0,0.0084,0.0,0.04545,0.01,1.175,True,,15510.0,22.0,0
backfill,2026,12,post_quali,kalshi,sainz,0.0,0.0084,0.0,0.04545,0.01,1.175,True,,2430.0,17.0,0
backfill,2026,12,post_quali,kalshi,albon,0.0,0.0084,0.0,0.04545,0.01,1.175,True,,750.0,16.0,0
backfill,2026,12,post_quali,kalshi,bottas,0.0,0.0042,0.0,0.04545,0.005,1.175,False,,,21.0,0
backfill,2026,12,post_quali,kalshi,ocon,0.0,0.0084,0.0,0.04545,0.01,1.175,True,,750.0,15.0,0
backfill,2026,12,post_quali,kalshi,stroll,0.0,0.0084,0.0,0.04545,0.01,1.175,True,,16710.0,19.0,0
backfill,2026,12,post_quali,kalshi,bearman,0.0,0.0084,0.0,0.04545,0.01,1.175,True,,750.0,20.0,0
backfill,2026,12,post_quali,kalshi,max_verstappen,0.0115,0.03782,0.0,0.04545,0.045,1.175,True,0.03,30.0,7.0,0
backfill,2026,13,post_quali,kalshi,antonelli,0.00025,0.05328,0.0,0.04545,0.065,1.215,True,0.01,30.0,19.0,1
backfill,2026,13,post_quali,kalshi,russell,0.43125,0.33607,0.05475,0.04545,0.41,1.215,True,0.02,30.0,2.0,0
backfill,2026,13,post_quali,kalshi,max_verstappen,0.03675,0.07377,0.0,0.04545,0.09,1.215,True,0.02,30.0,5.0,0
backfill,2026,13,post_quali,kalshi,norris,0.014,0.19672,0.0,0.04545,0.24,1.215,True,0.02,30.0,8.0,0
backfill,2026,13,post_quali,kalshi,piastri,0.03375,0.04918,0.0,0.04545,0.06,1.215,True,0.02,30.0,6.0,0
backfill,2026,13,post_quali,kalshi,hamilton,0.1575,0.06557,0.00025,0.04545,0.08,1.215,True,0.02,30.0,4.0,0
backfill,2026,13,post_quali,kalshi,gasly,0.022,0.0123,0.94075,0.04545,0.015,1.215,True,0.01,30.0,1.0,0
backfill,2026,13,post_quali,kalshi,arvid_lindblad,0.0015,0.0082,0.0,0.04545,0.01,1.215,True,,90.0,9.0,0
backfill,2026,13,post_quali,kalshi,colapinto,0.0005,0.0082,0.0,0.04545,0.01,1.215,True,,2970.0,7.0,0
backfill,2026,13,post_quali,kalshi,tsunoda,0.0,0.0041,0.0,0.04545,0.005,1.215,False,,,15.0,0
backfill,2026,13,post_quali,kalshi,bortoleto,0.0005,0.0082,0.0,0.04545,0.01,1.215,True,,30.0,10.0,0
backfill,2026,13,post_quali,kalshi,hulkenberg,0.00025,0.0082,0.0,0.04545,0.01,1.215,True,,10170.0,12.0,0
backfill,2026,13,post_quali,kalshi,sainz,0.0,0.0082,0.0,0.04545,0.01,1.215,True,,630.0,13.0,0
backfill,2026,13,post_quali,kalshi,lawson,0.0,0.0082,0.0,0.04545,0.01,1.215,True,,30.0,22.0,0
backfill,2026,13,post_quali,kalshi,bearman,0.0,0.0082,0.0,0.04545,0.01,1.215,True,,630.0,11.0,0
backfill,2026,13,post_quali,kalshi,ocon,0.0,0.0082,0.0,0.04545,0.01,1.215,True,,10470.0,14.0,0
backfill,2026,13,post_quali,kalshi,albon,0.0,0.0082,0.0,0.04545,0.01,1.215,True,,630.0,20.0,0
backfill,2026,13,post_quali,kalshi,perez,0.0,0.0082,0.0,0.04545,0.01,1.215,True,,3390.0,17.0,0
backfill,2026,13,post_quali,kalshi,bottas,0.0,0.0082,0.0,0.04545,0.01,1.215,True,,7650.0,16.0,0
backfill,2026,13,post_quali,kalshi,stroll,0.0,0.0082,0.0,0.04545,0.01,1.215,True,,10170.0,18.0,0
backfill,2026,13,post_quali,kalshi,alonso,0.0,0.0082,0.0,0.04545,0.01,1.215,True,,630.0,21.0,0
backfill,2026,13,post_quali,kalshi,leclerc,0.30175,0.10246,0.00425,0.04545,0.125,1.215,True,0.03,30.0,3.0,0
backfill,2026,14,post_quali,kalshi,antonelli,0.2645,0.34016,0.0585,0.04545,0.415,1.21,True,0.03,30.0,2.0,1
backfill,2026,14,post_quali,kalshi,max_verstappen,0.09025,0.15164,0.00575,0.04545,0.185,1.21,True,0.01,30.0,3.0,0
backfill,2026,14,post_quali,kalshi,norris,0.36075,0.03279,0.93525,0.04545,0.04,1.21,True,0.04,30.0,1.0,0
backfill,2026,14,post_quali,kalshi,leclerc,0.064,0.09016,0.0,0.04545,0.11,1.21,True,0.02,30.0,5.0,0
backfill,2026,14,post_quali,kalshi,russell,0.09725,0.08197,0.0,0.04545,0.1,1.21,True,0.02,30.0,6.0,0
backfill,2026,14,post_quali,kalshi,lawson,0.0035,0.0123,0.0,0.04545,0.015,1.21,True,0.01,30.0,8.0,0
backfill,2026,14,post_quali,kalshi,colapinto,0.00075,0.0082,0.0,0.04545,0.01,1.21,True,,30.0,9.0,0
backfill,2026,14,post_quali,kalshi,piastri,0.031,0.0123,0.0,0.04545,0.015,1.21,True,0.01,30.0,7.0,0
backfill,2026,14,post_quali,kalshi,arvid_lindblad,0.00125,0.0082,0.0,0.04545,0.01,1.21,True,,30.0,10.0,0
backfill,2026,14,post_quali,kalshi,hulkenberg,0.00025,0.0082,0.0,0.04545,0.01,1.21,True,,210.0,11.0,0
backfill,2026,14,post_quali,kalshi,ocon,0.0,0.0082,0.0,0.04545,0.01,1.21,True,,2130.0,13.0,0
backfill,2026,14,post_quali,kalshi,gasly,0.00025,0.0082,0.0,0.04545,0.01,1.21,True,,30.0,14.0,0
backfill,2026,14,post_quali,kalshi,bortoleto,0.00075,0.0082,0.0,0.04545,0.01,1.21,True,,3750.0,12.0,0
backfill,2026,14,post_quali,kalshi,tsunoda,0.00025,0.0041,0.0,0.04545,0.005,1.21,False,,,15.0,0
backfill,2026,14,post_quali,kalshi,albon,0.0,0.0082,0.0,0.04545,0.01,1.21,True,,150.0,16.0,0
backfill,2026,14,post_quali,kalshi,bearman,0.0,0.0041,0.0,0.04545,0.005,1.21,False,,,22.0,0
backfill,2026,14,post_quali,kalshi,alonso,0.0,0.0082,0.0,0.04545,0.01,1.21,True,,390.0,17.0,0
backfill,2026,14,post_quali,kalshi,bottas,0.0,0.0082,0.0,0.04545,0.01,1.21,True,,5010.0,19.0,0
backfill,2026,14,post_quali,kalshi,sainz,0.0,0.0082,0.0,0.04545,0.01,1.21,True,,90.0,20.0,0
backfill,2026,14,post_quali,kalshi,perez,0.0,0.0082,0.0,0.04545,0.01,1.21,True,,2730.0,18.0,0
backfill,2026,14,post_quali,kalshi,stroll,0.0,0.0082,0.0,0.04545,0.01,1.21,True,,150.0,21.0,0
backfill,2026,14,post_quali,kalshi,hamilton,0.08525,0.17213,0.0005,0.04545,0.21,1.21,True,0.08,30.0,4.0,0
backfill,2026,15,post_quali,kalshi,russell,0.565,0.34568,0.937,0.04545,0.42,1.205,True,0.02,30.0,1.0,1
backfill,2026,15,post_quali,kalshi,max_verstappen,0.01925,0.18107,0.0,0.04545,0.22,1.205,True,0.02,30.0,8.0,0
backfill,2026,15,post_quali,kalshi,hadjar,0.0275,0.01646,0.0,0.04545,0.02,1.205,True,0.02,30.0,4.0,0
backfill,2026,15,post_quali,kalshi,leclerc,0.1335,0.03704,0.05875,0.04545,0.045,1.205,True,0.01,30.0,2.0,0
backfill,2026,15,post_quali,kalshi,antonelli,0.00025,0.09465,0.0,0.04545,0.115,1.205,True,0.01,30.0,16.0,0
backfill,2026,15,post_quali,kalshi,hamilton,0.029,0.0535,0.0,0.04545,0.065,1.205,True,0.01,30.0,6.0,0
backfill,2026,15,post_quali,kalshi,arvid_lindblad,0.0,0.00823,0.0,0.04545,0.01,1.205,True,,30.0,15.0,0
backfill,2026,15,post_quali,kalshi,ocon,0.0,0.00412,0.0,0.04545,0.005,1.205,False,,,13.0,0
backfill,2026,15,post_quali,kalshi,bearman,0.0,0.00823,0.0,0.04545,0.01,1.205,True,,2070.0,10.0,0
backfill,2026,15,post_quali,kalshi,sainz,0.0,0.00823,0.0,0.04545,0.01,1.205,True,,30.0,14.0,0
backfill,2026,15,post_quali,kalshi,hulkenberg,0.0,0.00823,0.0,0.04545,0.01,1.205,True,,14190.0,18.0,0
backfill,2026,15,post_quali,kalshi,lawson,0.0,0.00412,0.0,0.04545,0.005,1.205,False,,,11.0,0
backfill,2026,15,post_quali,kalshi,piastri,0.14225,0.03704,0.00425,0.04545,0.045,1.205,True,0.03,30.0,3.0,0
backfill,2026,15,post_quali,kalshi,perez,0.0,0.00823,0.0,0.04545,0.01,1.205,True,,570.0,20.0,0
backfill,2026,15,post_quali,kalshi,bortoleto,0.0,0.00823,0.0,0.04545,0.01,1.205,True,,3510.0,17.0,0
backfill,2026,15,post_quali,kalshi,bottas,0.0,0.00823,0.0,0.04545,0.01,1.205,True,,3630.0,19.0,0
backfill,2026,15,post_quali,kalshi,colapinto,0.00125,0.00823,0.0,0.04545,0.01,1.205,True,,30.0,9.0,0
backfill,2026,15,post_quali,kalshi,gasly,0.0055,0.00823,0.0,0.04545,0.01,1.205,True,,570.0,7.0,0
backfill,2026,15,post_quali,kalshi,norris,0.0765,0.12757,0.0,0.04545,0.155,1.205,True,0.01,30.0,5.0,0
backfill,2026,15,post_quali,kalshi,albon,0.0,0.00823,0.0,0.04545,0.01,1.205,True,,6270.0,12.0,0
backfill,2026,15,post_quali,kalshi,alonso,0.0,0.00823,0.0,0.04545,0.01,1.205,True,,3630.0,21.0,0
backfill,2026,15,post_quali,kalshi,stroll,0.0,0.00823,0.0,0.04545,0.01,1.205,True,,9930.0,22.0,0
backfill,2025,1,close,kalshi,norris,0.42175,0.32927,0.94425,0.05,0.405,1.175,True,0.05,55.0,1.0,1
backfill,2025,1,close,kalshi,max_verstappen,0.10575,0.2439,0.00375,0.05,0.3,1.175,True,0.04,55.0,3.0,0
backfill,2025,1,close,kalshi,russell,0.18375,0.05285,0.00025,0.05,0.065,1.175,True,0.01,55.0,4.0,0
backfill,2025,1,close,kalshi,antonelli,0.0005,0.01626,0.0,0.05,0.02,1.175,True,,1315.0,16.0,0
backfill,2025,1,close,kalshi,albon,0.00025,0.00407,0.0,0.05,0.005,1.175,False,,,6.0,0
backfill,2025,1,close,kalshi,stroll,0.0,0.00407,0.0,0.05,0.005,1.175,False,,,13.0,0
backfill,2025,1,close,kalshi,hulkenberg,0.0,0.00407,0.0,0.05,0.005,1.175,False,,,17.0,0
backfill,2025,1,close,kalshi,leclerc,0.06475,0.03252,0.0,0.05,0.04,1.175,True,0.04,55.0,7.0,0
backfill,2025,1,close,kalshi,piastri,0.1885,0.1748,0.05175,0.05,0.215,1.175,True,0.05,55.0,2.0,0
backfill,2025,1,close,kalshi,hamilton,0.02525,0.05691,0.0,0.05,0.07,1.175,True,0.04,55.0,8.0,0
backfill,2025,1,close,kalshi,gasly,0.0035,0.00407,0.0,0.05,0.005,1.175,False,,,9.0,0
backfill,2025,1,close,kalshi,tsunoda,0.00525,0.02439,0.0,0.05,0.03,1.175,True,,235.0,5.0,0
backfill,2025,1,close,kalshi,ocon,0.0,0.00407,0.0,0.05,0.005,1.175,False,,,19.0,0
backfill,2025,1,close,kalshi,bearman,0.0,0.00407,0.0,0.05,0.005,1.175,False,,,20.0,0
backfill,2025,1,close,kalshi,lawson,0.0005,0.00407,0.0,0.05,0.005,1.175,False,,,18.0,0
backfill,2025,1,close,kalshi,bortoleto,0.0,0.00407,0.0,0.05,0.005,1.175,False,,,15.0,0
backfill,2025,1,close,kalshi,alonso,0.0,0.00407,0.0,0.05,0.005,1.175,False,,,12.0,0
backfill,2025,1,close,kalshi,sainz,0.00025,0.02439,0.0,0.05,0.03,1.175,True,0.02,55.0,10.0,0
backfill,2025,1,close,kalshi,doohan,0.0,0.00407,0.0,0.05,0.005,1.175,False,,,14.0,0
backfill,2025,1,close,kalshi,hadjar,0.0,0.00407,0.0,0.05,0.005,1.175,False,,,11.0,0
backfill,2025,2,close,kalshi,piastri,0.41125,0.28108,0.9555,0.05,0.52,1.795,True,,55.0,1.0,1
backfill,2025,2,close,kalshi,norris,0.35625,0.4,0.00175,0.05,0.74,1.795,True,,55.0,3.0,0
backfill,2025,2,close,kalshi,russell,0.129,0.05946,0.0425,0.05,0.11,1.795,True,0.1,55.0,2.0,0
backfill,2025,2,close,kalshi,max_verstappen,0.04475,0.08919,0.00025,0.05,0.165,1.795,True,0.09,55.0,4.0,0
backfill,2025,2,close,kalshi,ocon,0.0,0.0027,0.0,0.05,0.005,1.795,False,,,11.0,0
backfill,2025,2,close,kalshi,antonelli,0.001,0.0027,0.0,0.05,0.005,1.795,False,,,8.0,0
backfill,2025,2,close,kalshi,albon,0.00025,0.0027,0.0,0.05,0.005,1.795,False,,,10.0,0
backfill,2025,2,close,kalshi,bearman,0.0,0.0027,0.0,0.05,0.005,1.795,False,,,17.0,0
backfill,2025,2,close,kalshi,stroll,0.0,0.0027,0.0,0.05,0.005,1.795,False,,,14.0,0
backfill,2025,2,close,kalshi,sainz,0.00025,0.01622,0.0,0.05,0.03,1.795,True,,2275.0,15.0,0
backfill,2025,2,close,kalshi,hadjar,0.0,0.01622,0.0,0.05,0.03,1.795,True,,475.0,7.0,0
backfill,2025,2,close,kalshi,lawson,0.0,0.0027,0.0,0.05,0.005,1.795,False,,,20.0,0
backfill,2025,2,close,kalshi,doohan,0.0,0.0027,0.0,0.05,0.005,1.795,False,,,18.0,0
backfill,2025,2,close,kalshi,bortoleto,0.0,0.0027,0.0,0.05,0.005,1.795,False,,,19.0,0
backfill,2025,2,close,kalshi,hulkenberg,0.0,0.0027,0.0,0.05,0.005,1.795,False,,,12.0,0
backfill,2025,2,close,kalshi,tsunoda,0.0,0.01622,0.0,0.05,0.03,1.795,True,,55.0,9.0,0
backfill,2025,2,close,kalshi,alonso,0.0,0.0027,0.0,0.05,0.005,1.795,False,,,13.0,0
backfill,2025,2,close,kalshi,leclerc,0.035,0.03784,0.0,0.05,0.07,1.795,True,,55.0,6.0,0
backfill,2025,2,close,kalshi,hamilton,0.022,0.05405,0.0,0.05,0.1,1.795,True,,55.0,5.0,0
backfill,2025,2,close,kalshi,gasly,0.00025,0.0027,0.0,0.05,0.005,1.795,False,,,16.0,0
backfill,2025,3,close,kalshi,max_verstappen,0.1295,0.28,0.953,0.05,0.315,1.07,True,0.03,55.0,1.0,1
backfill,2025,3,close,kalshi,norris,0.47975,0.36,0.04475,0.05,0.405,1.07,True,0.03,55.0,2.0,0
backfill,2025,3,close,kalshi,piastri,0.2485,0.18667,0.002,0.05,0.21,1.07,True,0.04,55.0,3.0,0
backfill,2025,3,close,kalshi,leclerc,0.03975,0.02222,0.00025,0.05,0.025,1.07,True,0.03,55.0,4.0,0
backfill,2025,3,close,kalshi,russell,0.0845,0.02667,0.0,0.05,0.03,1.07,True,0.04,55.0,5.0,0
backfill,2025,3,close,kalshi,antonelli,0.0105,0.01333,0.0,0.05,0.015,1.07,True,0.01,3295.0,6.0,0
backfill,2025,3,close,kalshi,hamilton,0.00425,0.02222,0.0,0.05,0.025,1.07,True,0.03,55.0,8.0,0
backfill,2025,3,close,kalshi,hadjar,0.0005,0.01778,0.0,0.05,0.02,1.07,True,,2395.0,7.0,0
backfill,2025,3,close,kalshi,albon,0.0005,0.00444,0.0,0.05,0.005,1.07,False,,,9.0,0
backfill,2025,3,close,kalshi,bearman,0.0,0.00444,0.0,0.05,0.005,1.07,False,,,10.0,0
backfill,2025,3,close,kalshi,alonso,0.0005,0.00444,0.0,0.05,0.005,1.07,False,,,12.0,0
backfill,2025,3,close,kalshi,tsunoda,0.00075,0.02222,0.0,0.05,0.025,1.07,True,0.03,1615.0,14.0,0
backfill,2025,3,close,kalshi,gasly,0.0005,0.00444,0.0,0.05,0.005,1.07,False,,,11.0,0
backfill,2025,3,close,kalshi,sainz,0.0005,0.00444,0.0,0.05,0.005,1.07,False,,,15.0,0
backfill,2025,3,close,kalshi,doohan,0.0,0.00444,0.0,0.05,0.005,1.07,False,,,19.0,0
backfill,2025,3,close,kalshi,hulkenberg,0.0,0.00444,0.0,0.05,0.005,1.07,False,,,16.0,0
backfill,2025,3,close,kalshi,lawson,0.0,0.00444,0.0,0.05,0.005,1.07,False,,,13.0,0
backfill,2025,3,close,kalshi,ocon,0.0,0.00444,0.0,0.05,0.005,1.07,False,,,18.0,0
backfill,2025,3,close,kalshi,bortoleto,0.0,0.00444,0.0,0.05,0.005,1.07,False,,,17.0,0
backfill,2025,3,close,kalshi,stroll,0.0,0.00444,0.0,0.05,0.005,1.07,False,,,20.0,0
backfill,2025,4,close,kalshi,piastri,0.51525,0.60262,0.95425,0.05,0.69,1.095,True,0.04,55.0,1.0,1
backfill,2025,4,close,kalshi,russell,0.18325,0.0786,0.00175,0.05,0.09,1.095,True,0.02,55.0,3.0,0
backfill,2025,4,close,kalshi,norris,0.16175,0.11354,0.0,0.05,0.13,1.095,True,0.04,55.0,6.0,0
backfill,2025,4,close,kalshi,leclerc,0.067,0.04803,0.0435,0.05,0.055,1.095,True,0.05,55.0,2.0,0
backfill,2025,4,close,kalshi,hamilton,0.00375,0.0131,0.0,0.05,0.015,1.095,True,0.01,535.0,9.0,0
backfill,2025,4,close,kalshi,max_verstappen,0.0315,0.03057,0.0,0.05,0.035,1.095,True,0.03,55.0,7.0,0
backfill,2025,4,close,kalshi,gasly,0.00125,0.01747,0.0005,0.05,0.02,1.095,True,,55.0,4.0,0
backfill,2025,4,close,kalshi,ocon,0.0,0.00437,0.0,0.05,0.005,1.095,False,,,14.0,0
backfill,2025,4,close,kalshi,tsunoda,0.00325,0.01747,0.0,0.05,0.02,1.095,True,,535.0,10.0,0
backfill,2025,4,close,kalshi,bearman,0.0,0.00437,0.0,0.05,0.005,1.095,False,,,20.0,0
backfill,2025,4,close,kalshi,antonelli,0.02825,0.01747,0.0,0.05,0.02,1.095,True,,115.0,5.0,0
backfill,2025,4,close,kalshi,albon,0.00025,0.01747,0.0,0.05,0.02,1.095,True,,115.0,15.0,0
backfill,2025,4,close,kalshi,hadjar,0.00025,0.00437,0.0,0.05,0.005,1.095,False,,,12.0,0
backfill,2025,4,close,kalshi,doohan,0.0,0.00437,0.0,0.05,0.005,1.095,False,,,11.0,0
backfill,2025,4,close,kalshi,alonso,0.00075,0.00437,0.0,0.05,0.005,1.095,False,,,13.0,0
backfill,2025,4,close,kalshi,lawson,0.0,0.00437,0.0,0.05,0.005,1.095,False,,,17.0,0
backfill,2025,4,close,kalshi,stroll,0.0,0.00437,0.0,0.05,0.005,1.095,False,,,19.0,0
backfill,2025,4,close,kalshi,bortoleto,0.0,0.00437,0.0,0.05,0.005,1.095,False,,,18.0,0
backfill,2025,4,close,kalshi,sainz,0.0035,0.00437,0.0,0.05,0.005,1.095,False,,,8.0,0
backfill,2025,4,close,kalshi,hulkenberg,0.0,0.00437,0.0,0.05,0.005,1.095,False,,,16.0,0
backfill,2025,5,close,kalshi,piastri,0.453,0.3786,0.05125,0.05,0.46,1.215,True,0.02,55.0,2.0,1
backfill,2025,5,close,kalshi,max_verstappen,0.22075,0.3786,0.9465,0.05,0.46,1.215,True,0.02,55.0,1.0,0
backfill,2025,5,close,kalshi,leclerc,0.0355,0.02058,0.00025,0.05,0.025,1.215,True,0.01,55.0,4.0,0
backfill,2025,5,close,kalshi,norris,0.037,0.0535,0.0,0.05,0.065,1.215,True,0.01,55.0,10.0,0
backfill,2025,5,close,kalshi,russell,0.194,0.04527,0.002,0.05,0.055,1.215,True,0.01,55.0,3.0,0
backfill,2025,5,close,kalshi,antonelli,0.043,0.00823,0.0,0.05,0.01,1.215,True,,55.0,5.0,0
backfill,2025,5,close,kalshi,hamilton,0.0055,0.00823,0.0,0.05,0.01,1.215,True,,55.0,7.0,0
backfill,2025,5,close,kalshi,sainz,0.006,0.00823,0.0,0.05,0.01,1.215,True,,55.0,6.0,0
backfill,2025,5,close,kalshi,albon,0.00025,0.00823,0.0,0.05,0.01,1.215,True,,55.0,11.0,0
backfill,2025,5,close,kalshi,hadjar,0.0,0.00823,0.0,0.05,0.01,1.215,True,,55.0,14.0,0
backfill,2025,5,close,kalshi,alonso,0.0,0.00823,0.0,0.05,0.01,1.215,True,,55.0,13.0,0
backfill,2025,5,close,kalshi,lawson,0.0,0.00823,0.0,0.05,0.01,1.215,True,,55.0,12.0,0
backfill,2025,5,close,kalshi,bearman,0.0,0.00823,0.0,0.05,0.01,1.215,True,,55.0,15.0,0
backfill,2025,5,close,kalshi,ocon,0.0,0.00823,0.0,0.05,0.01,1.215,True,,55.0,19.0,0
backfill,2025,5,close,kalshi,hulkenberg,0.0,0.00823,0.0,0.05,0.01,1.215,True,,55.0,18.0,0
backfill,2025,5,close,kalshi,stroll,0.0,0.00823,0.0,0.05,0.01,1.215,True,,55.0,16.0,0
backfill,2025,5,close,kalshi,doohan,0.0,0.00823,0.0,0.05,0.01,1.215,True,,55.0,17.0,0
backfill,2025,5,close,kalshi,bortoleto,0.0,0.00823,0.0,0.05,0.01,1.215,True,,55.0,20.0,0
backfill,2025,5,close,kalshi,tsunoda,0.004,0.00823,0.0,0.05,0.01,1.215,True,,55.0,8.0,0
backfill,2025,5,close,kalshi,gasly,0.001,0.00823,0.0,0.05,0.01,1.215,True,,55.0,9.0,0
backfill,2025,6,close,kalshi,piastri,0.221,0.15152,0.0005,0.05,0.175,1.155,True,0.01,55.0,4.0,1
backfill,2025,6,close,kalshi,norris,0.364,0.30736,0.04575,0.05,0.355,1.155,True,0.01,55.0,2.0,0
backfill,2025,6,close,kalshi,russell,0.08775,0.02165,0.0,0.05,0.025,1.155,True,0.01,55.0,5.0,0
backfill,2025,6,close,kalshi,max_verstappen,0.22925,0.31602,0.95175,0.05,0.365,1.155,True,0.01,55.0,1.0,0
backfill,2025,6,close,kalshi,albon,0.00025,0.00866,0.0,0.05,0.01,1.155,True,,115.0,7.0,0
backfill,2025,6,close,kalshi,antonelli,0.07825,0.05628,0.002,0.05,0.065,1.155,True,0.01,55.0,3.0,0
backfill,2025,6,close,kalshi,leclerc,0.01075,0.01732,0.0,0.05,0.02,1.155,True,,55.0,8.0,0
backfill,2025,6,close,kalshi,hamilton,0.0015,0.01732,0.0,0.05,0.02,1.155,True,,55.0,12.0,0
backfill,2025,6,close,kalshi,sainz,0.0035,0.00866,0.0,0.05,0.01,1.155,True,,55.0,6.0,0
backfill,2025,6,close,kalshi,tsunoda,0.0035,0.00866,0.0,0.05,0.01,1.155,True,,55.0,10.0,0
backfill,2025,6,close,kalshi,hadjar,0.0,0.00866,0.0,0.05,0.01,1.155,True,,115.0,11.0,0
backfill,2025,6,close,kalshi,ocon,0.0,0.00866,0.0,0.05,0.01,1.155,True,,55.0,9.0,0
backfill,2025,6,close,kalshi,gasly,0.0,0.00866,0.0,0.05,0.01,1.155,True,,115.0,20.0,0
backfill,2025,6,close,kalshi,hulkenberg,0.0,0.00866,0.0,0.05,0.01,1.155,True,,55.0,16.0,0
backfill,2025,6,close,kalshi,alonso,0.0,0.00866,0.0,0.05,0.01,1.155,True,,55.0,17.0,0
backfill,2025,6,close,kalshi,stroll,0.0,0.00866,0.0,0.05,0.01,1.155,True,,115.0,18.0,0
backfill,2025,6,close,kalshi,lawson,0.0,0.00866,0.0,0.05,0.01,1.155,True,,55.0,15.0,0
backfill,2025,6,close,kalshi,bortoleto,0.0,0.00866,0.0,0.05,0.01,1.155,True,,115.0,13.0,0
backfill,2025,6,close,kalshi,bearman,0.0,0.00866,0.0,0.05,0.01,1.155,True,,115.0,19.0,0
backfill,2025,6,close,kalshi,doohan,0.00025,0.00866,0.0,0.05,0.01,1.155,True,,115.0,14.0,0
backfill,2025,7,close,kalshi,max_verstappen,0.10925,0.18182,0.042,0.05,0.21,1.13,True,0.04,55.0,2.0,1
backfill,2025,7,close,kalshi,norris,0.1795,0.08658,0.0005,0.05,0.1,1.13,True,0.04,55.0,4.0,0
backfill,2025,7,close,kalshi,piastri,0.54,0.57143,0.9555,0.05,0.66,1.13,True,0.1,55.0,1.0,0
backfill,2025,7,close,kalshi,hamilton,0.001,0.01732,0.0,0.05,0.02,1.13,True,,355.0,12.0,0
backfill,2025,7,close,kalshi,albon,0.00225,0.00866,0.0,0.05,0.01,1.13,True,,955.0,7.0,0
backfill,2025,7,close,kalshi,leclerc,0.00475,0.01732,0.0,0.05,0.02,1.13,True,,415.0,11.0,0
backfill,2025,7,close,kalshi,russell,0.156,0.02597,0.002,0.05,0.03,1.13,True,0.02,55.0,3.0,0
backfill,2025,7,close,kalshi,sainz,0.0035,0.00866,0.0,0.05,0.01,1.13,True,,415.0,6.0,0
backfill,2025,7,close,kalshi,hadjar,0.0005,0.00866,0.0,0.05,0.01,1.13,True,,415.0,9.0,0
backfill,2025,7,close,kalshi,tsunoda,0.0,0.00866,0.0,0.05,0.01,1.13,True,,1195.0,20.0,0
backfill,2025,7,close,kalshi,alonso,0.0,0.00866,0.0,0.05,0.01,1.13,True,,415.0,5.0,0
backfill,2025,7,close,kalshi,hulkenberg,0.0,0.00433,0.0,0.05,0.005,1.13,False,,,17.0,0
backfill,2025,7,close,kalshi,gasly,0.0,0.00866,0.0,0.05,0.01,1.13,True,,415.0,10.0,0
backfill,2025,7,close,kalshi,lawson,0.0,0.00433,0.0,0.05,0.005,1.13,False,,,15.0,0
backfill,2025,7,close,kalshi,stroll,0.00025,0.00866,0.0,0.05,0.01,1.13,True,,3955.0,8.0,0
backfill,2025,7,close,kalshi,colapinto,0.0,0.00433,0.0,0.05,0.005,1.13,False,,,16.0,0
backfill,2025,7,close,kalshi,bearman,0.0,0.00866,0.0,0.05,0.01,1.13,True,,415.0,19.0,0
backfill,2025,7,close,kalshi,bortoleto,0.0,0.00433,0.0,0.05,0.005,1.13,False,,,14.0,0
backfill,2025,7,close,kalshi,antonelli,0.003,0.00866,0.0,0.05,0.01,1.13,True,,355.0,13.0,0
backfill,2025,7,close,kalshi,ocon,0.0,0.00433,0.0,0.05,0.005,1.13,False,,,18.0,0
backfill,2025,8,close,kalshi,norris,0.49125,0.50679,0.95725,0.05,0.56,1.1,True,0.04,55.0,1.0,1
backfill,2025,8,close,kalshi,leclerc,0.116,0.23077,0.0405,0.05,0.255,1.1,True,0.05,55.0,2.0,0
backfill,2025,8,close,kalshi,piastri,0.3055,0.06787,0.00225,0.05,0.075,1.1,True,0.11,55.0,3.0,0
backfill,2025,8,close,kalshi,max_verstappen,0.06325,0.04072,0.0,0.05,0.045,1.1,True,0.05,55.0,4.0,0
backfill,2025,8,close,kalshi,hamilton,0.0145,0.02262,0.0,0.05,0.025,1.1,True,0.03,55.0,7.0,0
backfill,2025,8,close,kalshi,hadjar,0.00075,0.00905,0.0,0.05,0.01,1.1,True,,595.0,5.0,0
backfill,2025,8,close,kalshi,ocon,0.0005,0.00905,0.0,0.05,0.01,1.1,True,,6355.0,8.0,0
backfill,2025,8,close,kalshi,lawson,0.0,0.00905,0.0,0.05,0.01,1.1,True,,475.0,9.0,0
backfill,2025,8,close,kalshi,albon,0.00075,0.00905,0.0,0.05,0.01,1.1,True,,595.0,10.0,0
backfill,2025,8,close,kalshi,sainz,0.001,0.00905,0.0,0.05,0.01,1.1,True,,1915.0,11.0,0
backfill,2025,8,close,kalshi,russell,0.00275,0.00905,0.0,0.05,0.01,1.1,True,,475.0,14.0,0
backfill,2025,8,close,kalshi,bearman,0.0,0.00905,0.0,0.05,0.01,1.1,True,,6355.0,20.0,0
backfill,2025,8,close,kalshi,colapinto,0.0,0.00452,0.0,0.05,0.005,1.1,False,,,18.0,0
backfill,2025,8,close,kalshi,bortoleto,0.0,0.00905,0.0,0.05,0.01,1.1,True,,6355.0,16.0,0
backfill,2025,8,close,kalshi,stroll,0.0,0.00905,0.0,0.05,0.01,1.1,True,,6355.0,19.0,0
backfill,2025,8,close,kalshi,hulkenberg,0.0,0.00905,0.0,0.05,0.01,1.1,True,,6355.0,13.0,0
backfill,2025,8,close,kalshi,tsunoda,0.00075,0.00905,0.0,0.05,0.01,1.1,True,,1315.0,12.0,0
backfill,2025,8,close,kalshi,antonelli,0.002,0.00905,0.0,0.05,0.01,1.1,True,,475.0,15.0,0
backfill,2025,8,close,kalshi,alonso,0.001,0.00905,0.0,0.05,0.01,1.1,True,,595.0,6.0,0
backfill,2025,8,close,kalshi,gasly,0.0,0.00905,0.0,0.05,0.01,1.1,True,,6355.0,17.0,0
backfill,2025,9,close,kalshi,piastri,0.48575,0.52655,0.95575,0.05263,0.595,1.08,True,0.05,55.0,1.0,1
backfill,2025,9,close,kalshi,norris,0.33375,0.23009,0.04175,0.05263,0.26,1.08,True,0.06,55.0,2.0,0
backfill,2025,9,close,kalshi,leclerc,0.02175,0.00885,0.0,0.05263,0.01,1.08,True,,715.0,7.0,0
backfill,2025,9,close,kalshi,russell,0.0245,0.02212,0.0,0.05263,0.025,1.08,True,0.03,55.0,4.0,0
backfill,2025,9,close,kalshi,hulkenberg,0.0,0.00442,0.0,0.05263,0.005,1.08,False,,,15.0,0
backfill,2025,9,close,kalshi,hamilton,0.022,0.02655,0.0,0.05263,0.03,1.08,True,,355.0,5.0,0
backfill,2025,9,close,kalshi,hadjar,0.0,0.00442,0.0,0.05263,0.005,1.08,False,,,9.0,0
backfill,2025,9,close,kalshi,gasly,0.0015,0.00442,0.0,0.05263,0.005,1.08,False,,,8.0,0
backfill,2025,9,close,kalshi,alonso,0.0,0.00885,0.0,0.05263,0.01,1.08,True,,415.0,10.0,0
backfill,2025,9,close,kalshi,max_verstappen,0.10525,0.11504,0.0025,0.05263,0.13,1.08,True,0.06,55.0,3.0,0
backfill,2025,9,close,kalshi,lawson,0.0,0.00442,0.0,0.05263,0.005,1.08,False,,,13.0,0
backfill,2025,9,close,kalshi,bortoleto,0.0,0.00442,0.0,0.05263,0.005,1.08,False,,,12.0,0
backfill,2025,9,close,kalshi,tsunoda,0.00025,0.00442,0.0,0.05263,0.005,1.08,False,,,19.0,0
backfill,2025,9,close,kalshi,sainz,0.0,0.00442,0.0,0.05263,0.005,1.08,False,,,17.0,0
backfill,2025,9,close,kalshi,colapinto,0.0,0.00442,0.0,0.05263,0.005,1.08,False,,,18.0,0
backfill,2025,9,close,kalshi,ocon,0.0,0.00442,0.0,0.05263,0.005,1.08,False,,,16.0,0
backfill,2025,9,close,kalshi,bearman,0.0,0.00442,0.0,0.05263,0.005,1.08,False,,,14.0,0
backfill,2025,9,close,kalshi,antonelli,0.00475,0.00885,0.0,0.05263,0.01,1.08,True,,715.0,6.0,0
backfill,2025,9,close,kalshi,albon,0.0005,0.00885,0.0,0.05263,0.01,1.08,True,,535.0,11.0,0
backfill,2025,10,close,kalshi,russell,0.1265,0.17376,0.95825,0.05,0.245,1.365,True,0.17,55.0,1.0,1
backfill,2025,10,close,kalshi,max_verstappen,0.24175,0.28723,0.04,0.05,0.405,1.365,True,0.05,55.0,2.0,0
backfill,2025,10,close,kalshi,antonelli,0.02225,0.06028,0.00025,0.05,0.085,1.365,True,0.15,55.0,4.0,0
backfill,2025,10,close,kalshi,piastri,0.44125,0.24468,0.0015,0.05,0.345,1.365,True,0.13,55.0,3.0,0
backfill,2025,10,close,kalshi,leclerc,0.0195,0.02128,0.0,0.05,0.03,1.365,True,,55.0,8.0,0
backfill,2025,10,close,kalshi,hamilton,0.03925,0.07801,0.0,0.05,0.11,1.365,True,0.2,55.0,5.0,0
backfill,2025,10,close,kalshi,alonso,0.00125,0.00709,0.0,0.05,0.01,1.365,True,,115.0,6.0,0
backfill,2025,10,close,kalshi,hulkenberg,0.0005,0.00355,0.0,0.05,0.005,1.365,False,,,11.0,0
backfill,2025,10,close,kalshi,ocon,0.0,0.00355,0.0,0.05,0.005,1.365,False,,,14.0,0
backfill,2025,10,close,kalshi,sainz,0.0,0.00709,0.0,0.05,0.01,1.365,True,,1315.0,16.0,0
backfill,2025,10,close,kalshi,bearman,0.0,0.00355,0.0,0.05,0.005,1.365,False,,,13.0,0
backfill,2025,10,close,kalshi,tsunoda,0.0,0.00355,0.0,0.05,0.005,1.365,False,,,18.0,0
backfill,2025,10,close,kalshi,colapinto,0.0,0.00355,0.0,0.05,0.005,1.365,False,,,10.0,0
backfill,2025,10,close,kalshi,bortoleto,0.0,0.00355,0.0,0.05,0.005,1.365,False,,,15.0,0
backfill,2025,10,close,kalshi,gasly,0.0,0.00355,0.0,0.05,0.005,1.365,False,,,20.0,0
backfill,2025,10,close,kalshi,hadjar,0.0005,0.00355,0.0,0.05,0.005,1.365,False,,,12.0,0
backfill,2025,10,close,kalshi,stroll,0.0,0.00709,0.0,0.05,0.01,1.365,True,,1255.0,17.0,0
backfill,2025,10,close,kalshi,norris,0.1065,0.07447,0.0,0.05,0.105,1.365,True,0.15,55.0,7.0,0
backfill,2025,10,close,kalshi,lawson,0.0,0.00355,0.0,0.05,0.005,1.365,False,,,19.0,0
backfill,2025,10,close,kalshi,albon,0.00075,0.00709,0.0,0.05,0.01,1.365,True,,955.0,9.0,0
backfill,2025,11,close,kalshi,norris,0.48775,0.56017,0.95,0.05263,0.675,1.15,True,0.03,55.0,1.0,1
backfill,2025,11,close,kalshi,piastri,0.291,0.16183,0.0015,0.05263,0.195,1.15,True,0.05,55.0,3.0,0
backfill,2025,11,close,kalshi,leclerc,0.11375,0.06639,0.04825,0.05263,0.08,1.15,True,0.04,55.0,2.0,0
backfill,2025,11,close,kalshi,hamilton,0.04675,0.01245,0.00025,0.05263,0.015,1.15,True,0.01,55.0,4.0,0
backfill,2025,11,close,kalshi,russell,0.0325,0.08714,0.0,0.05263,0.105,1.15,True,0.19,55.0,5.0,0
backfill,2025,11,close,kalshi,lawson,0.001,0.0083,0.0,0.05263,0.01,1.15,True,,835.0,6.0,0
backfill,2025,11,close,kalshi,alonso,0.00025,0.00415,0.0,0.05263,0.005,1.15,False,,,11.0,0
backfill,2025,11,close,kalshi,bortoleto,0.0,0.00415,0.0,0.05263,0.005,1.15,False,,,8.0,0
backfill,2025,11,close,kalshi,hulkenberg,0.0,0.00415,0.0,0.05263,0.005,1.15,False,,,20.0,0
backfill,2025,11,close,kalshi,ocon,0.0,0.00415,0.0,0.05263,0.005,1.15,False,,,17.0,0
backfill,2025,11,close,kalshi,bearman,0.0,0.00415,0.0,0.05263,0.005,1.15,False,,,15.0,0
backfill,2025,11,close,kalshi,hadjar,0.0005,0.00415,0.0,0.05263,0.005,1.15,False,,,13.0,0
backfill,2025,11,close,kalshi,gasly,0.0,0.00415,0.0,0.05263,0.005,1.15,False,,,10.0,0
backfill,2025,11,close,kalshi,stroll,0.0,0.00415,0.0,0.05263,0.005,1.15,False,,,16.0,0
backfill,2025,11,close,kalshi,colapinto,0.0,0.00415,0.0,0.05263,0.005,1.15,False,,,14.0,0
backfill,2025,11,close,kalshi,tsunoda,0.0,0.00415,0.0,0.05263,0.005,1.15,False,,,18.0,0
backfill,2025,11,close,kalshi,albon,0.001,0.00415,0.0,0.05263,0.005,1.15,False,,,12.0,0
backfill,2025,11,close,kalshi,max_verstappen,0.02025,0.04149,0.0,0.05263,0.05,1.15,True,0.04,55.0,7.0,0
backfill,2025,11,close,kalshi,antonelli,0.00525,0.0166,0.0,0.05263,0.02,1.15,True,0.02,1375.0,9.0,0
backfill,2025,12,close,kalshi,norris,0.2965,0.17051,0.002,0.05263,0.185,1.055,True,0.01,55.0,3.0,1
backfill,2025,12,close,kalshi,piastri,0.42525,0.28111,0.04275,0.05263,0.305,1.055,True,0.01,55.0,2.0,0
backfill,2025,12,close,kalshi,hulkenberg,0.0,0.00461,0.0,0.05263,0.005,1.055,False,,,19.0,0
backfill,2025,12,close,kalshi,hamilton,0.0315,0.06912,0.0,0.05263,0.075,1.055,True,0.01,55.0,5.0,0
backfill,2025,12,close,kalshi,max_verstappen,0.139,0.33641,0.95525,0.05263,0.365,1.055,True,0.01,55.0,1.0,0
backfill,2025,12,close,kalshi,gasly,0.00025,0.00922,0.0,0.05263,0.01,1.055,True,,55.0,8.0,0
backfill,2025,12,close,kalshi,stroll,0.0,0.00461,0.0,0.05263,0.005,1.055,False,,,17.0,0
backfill,2025,12,close,kalshi,albon,0.0,0.00922,0.0,0.05263,0.01,1.055,True,,55.0,13.0,0
backfill,2025,12,close,kalshi,alonso,0.00025,0.00922,0.0,0.05263,0.01,1.055,True,,475.0,7.0,0
backfill,2025,12,close,kalshi,russell,0.064,0.03687,0.0,0.05263,0.04,1.055,True,,55.0,4.0,0
backfill,2025,12,close,kalshi,bearman,0.0,0.00461,0.0,0.05263,0.005,1.055,False,,,18.0,0
backfill,2025,12,close,kalshi,sainz,0.001,0.00922,0.0,0.05263,0.01,1.055,True,,55.0,9.0,0
backfill,2025,12,close,kalshi,ocon,0.0,0.00922,0.0,0.05263,0.01,1.055,True,,55.0,14.0,0
backfill,2025,12,close,kalshi,leclerc,0.03975,0.01382,0.0,0.05263,0.015,1.055,True,0.01,55.0,6.0,0
backfill,2025,12,close,kalshi,tsunoda,0.0005,0.00922,0.0,0.05263,0.01,1.055,True,,535.0,11.0,0
backfill,2025,12,close,kalshi,antonelli,0.00175,0.00922,0.0,0.05263,0.01,1.055,True,,55.0,10.0,0
backfill,2025,12,close,kalshi,hadjar,0.00025,0.00461,0.0,0.05263,0.005,1.055,False,,,12.0,0
backfill,2025,12,close,kalshi,bortoleto,0.0,0.00461,0.0,0.05263,0.005,1.055,False,,,16.0,0
backfill,2025,12,close,kalshi,lawson,0.0,0.00461,0.0,0.05263,0.005,1.055,False,,,15.0,0
backfill,2025,13,close,kalshi,piastri,0.37625,0.32719,0.04975,0.05,0.355,1.085,True,0.05,355.0,2.0,1
backfill,2025,13,close,kalshi,norris,0.462,0.41475,0.94825,0.05,0.45,1.085,True,0.04,355.0,1.0,0
backfill,2025,13,close,kalshi,leclerc,0.09125,0.02304,0.002,0.05,0.025,1.085,True,0.03,295.0,3.0,0
backfill,2025,13,close,kalshi,max_verstappen,0.04725,0.07834,0.0,0.05,0.085,1.085,True,0.15,295.0,4.0,0
backfill,2025,13,close,kalshi,russell,0.0205,0.01843,0.0,0.05,0.02,1.085,True,,355.0,6.0,0
backfill,2025,13,close,kalshi,albon,0.0005,0.00922,0.0,0.05,0.01,1.085,True,,415.0,5.0,0
backfill,2025,13,close,kalshi,hamilton,0.0,0.00922,0.0,0.05,0.01,1.085,True,,355.0,18.0,0
backfill,2025,13,close,kalshi,lawson,0.0005,0.00922,0.0,0.05,0.01,1.085,True,,475.0,9.0,0
backfill,2025,13,close,kalshi,bortoleto,0.0005,0.00922,0.0,0.05,0.01,1.085,True,,715.0,10.0,0
backfill,2025,13,close,kalshi,gasly,0.0,0.00922,0.0,0.05,0.01,1.085,True,,835.0,13.0,0
backfill,2025,13,close,kalshi,bearman,0.0,0.00922,0.0,0.05,0.01,1.085,True,,475.0,12.0,0
backfill,2025,13,close,kalshi,hulkenberg,0.0,0.00922,0.0,0.05,0.01,1.085,True,,715.0,14.0,0
backfill,2025,13,close,kalshi,tsunoda,0.00075,0.00922,0.0,0.05,0.01,1.085,True,,475.0,7.0,0
backfill,2025,13,close,kalshi,stroll,0.0,0.00922,0.0,0.05,0.01,1.085,True,,475.0,16.0,0
backfill,2025,13,close,kalshi,ocon,0.0,0.00922,0.0,0.05,0.01,1.085,True,,715.0,11.0,0
backfill,2025,13,close,kalshi,antonelli,0.0,0.00922,0.0,0.05,0.01,1.085,True,,475.0,19.0,0
backfill,2025,13,close,kalshi,alonso,0.0,0.00922,0.0,0.05,0.01,1.085,True,,535.0,20.0,0
backfill,2025,13,close,kalshi,sainz,0.0,0.00922,0.0,0.05,0.01,1.085,True,,415.0,17.0,0
backfill,2025,13,close,kalshi,colapinto,0.0,0.00922,0.0,0.05,0.01,1.085,True,,715.0,15.0,0
backfill,2025,13,close,kalshi,hadjar,0.0005,0.00922,0.0,0.05,0.01,1.085,True,,415.0,8.0,0
backfill,2025,14,close,kalshi,norris,0.28925,0.24444,0.002,0.05,0.275,1.125,True,0.03,55.0,3.0,1
backfill,2025,14,close,kalshi,piastri,0.417,0.43111,0.04275,0.05,0.485,1.125,True,0.05,55.0,2.0,0
backfill,2025,14,close,kalshi,russell,0.053,0.02222,0.0,0.05,0.025,1.125,True,0.01,55.0,4.0,0
backfill,2025,14,close,kalshi,leclerc,0.221,0.15556,0.95525,0.05,0.175,1.125,True,0.03,55.0,1.0,0
backfill,2025,14,close,kalshi,alonso,0.00275,0.00889,0.0,0.05,0.01,1.125,True,,415.0,5.0,0
backfill,2025,14,close,kalshi,bortoleto,0.0005,0.00889,0.0,0.05,0.01,1.125,True,,535.0,7.0,0
backfill,2025,14,close,kalshi,stroll,0.0005,0.00889,0.0,0.05,0.01,1.125,True,,475.0,6.0,0
backfill,2025,14,close,kalshi,lawson,0.0,0.00889,0.0,0.05,0.01,1.125,True,,535.0,9.0,0
backfill,2025,14,close,kalshi,max_verstappen,0.01225,0.01333,0.0,0.05,0.015,1.125,True,0.01,55.0,8.0,0
backfill,2025,14,close,kalshi,antonelli,0.001,0.00889,0.0,0.05,0.01,1.125,True,,535.0,15.0,0
backfill,2025,14,close,kalshi,hadjar,0.00025,0.00889,0.0,0.05,0.01,1.125,True,,1255.0,10.0,0
backfill,2025,14,close,kalshi,hamilton,0.00225,0.00889,0.0,0.05,0.01,1.125,True,,355.0,12.0,0
backfill,2025,14,close,kalshi,hulkenberg,0.0,0.00889,0.0,0.05,0.01,1.125,True,,535.0,18.0,0
backfill,2025,14,close,kalshi,sainz,0.0,0.00889,0.0,0.05,0.01,1.125,True,,535.0,13.0,0
backfill,2025,14,close,kalshi,albon,0.0,0.00889,0.0,0.05,0.01,1.125,True,,535.0,19.0,0
backfill,2025,14,close,kalshi,ocon,0.0,0.00889,0.0,0.05,0.01,1.125,True,,475.0,17.0,0
backfill,2025,14,close,kalshi,tsunoda,0.0,0.00889,0.0,0.05,0.01,1.125,True,,535.0,20.0,0
backfill,2025,14,close,kalshi,colapinto,0.00025,0.00889,0.0,0.05,0.01,1.125,True,,535.0,14.0,0
backfill,2025,14,close,kalshi,gasly,0.0,0.00889,0.0,0.05,0.01,1.125,True,,1135.0,16.0,0
backfill,2025,14,close,kalshi,bearman,0.0,0.00889,0.0,0.05,0.01,1.125,True,,2815.0,11.0,0
backfill,2025,15,close,kalshi,piastri,0.52725,0.51477,0.954,0.05,0.61,1.185,True,0.02,55.0,1.0,1
backfill,2025,15,close,kalshi,max_verstappen,0.053,0.06329,0.0025,0.05,0.075,1.185,True,0.01,55.0,3.0,0
backfill,2025,15,close,kalshi,hadjar,0.003,0.00844,0.0,0.05,0.01,1.185,True,,55.0,4.0,0
backfill,2025,15,close,kalshi,russell,0.03325,0.01266,0.0,0.05,0.015,1.185,True,0.01,55.0,5.0,0
backfill,2025,15,close,kalshi,albon,0.0,0.00844,0.0,0.05,0.01,1.185,True,,715.0,15.0,0
backfill,2025,15,close,kalshi,bearman,0.0,0.00844,0.0,0.05,0.01,1.185,True,,1915.0,20.0,0
backfill,2025,15,close,kalshi,stroll,0.0,0.00844,0.0,0.05,0.01,1.185,True,,1435.0,19.0,0
backfill,2025,15,close,kalshi,alonso,0.0005,0.00844,0.0,0.05,0.01,1.185,True,,1195.0,10.0,0
backfill,2025,15,close,kalshi,tsunoda,0.001,0.00844,0.0,0.05,0.01,1.185,True,,1915.0,12.0,0
backfill,2025,15,close,kalshi,ocon,0.0,0.00844,0.0,0.05,0.01,1.185,True,,655.0,18.0,0
backfill,2025,15,close,kalshi,colapinto,0.0,0.00844,0.0,0.05,0.01,1.185,True,,1915.0,16.0,0
backfill,2025,15,close,kalshi,lawson,0.001,0.00844,0.0,0.05,0.01,1.185,True,,1915.0,8.0,0
backfill,2025,15,close,kalshi,sainz,0.00025,0.00844,0.0,0.05,0.01,1.185,True,,535.0,9.0,0
backfill,2025,15,close,kalshi,hulkenberg,0.0,0.00844,0.0,0.05,0.01,1.185,True,,1915.0,17.0,0
backfill,2025,15,close,kalshi,bortoleto,0.00025,0.00844,0.0,0.05,0.01,1.185,True,,955.0,13.0,0
backfill,2025,15,close,kalshi,antonelli,0.00075,0.00844,0.0,0.05,0.01,1.185,True,,1915.0,11.0,0
backfill,2025,15,close,kalshi,gasly,0.0,0.00844,0.0,0.05,0.01,1.185,True,,1915.0,14.0,0
backfill,2025,15,close,kalshi,norris,0.333,0.27426,0.0435,0.05,0.325,1.185,True,0.01,55.0,2.0,0
backfill,2025,15,close,kalshi,leclerc,0.038,0.00844,0.0,0.05,0.01,1.185,True,,475.0,6.0,0
backfill,2025,15,close,kalshi,hamilton,0.00875,0.00844,0.0,0.05,0.01,1.185,True,,715.0,7.0,0
backfill,2025,16,close,kalshi,max_verstappen,0.27275,0.27511,0.94825,0.05263,0.315,1.145,True,0.01,55.0,1.0,1
backfill,2025,16,close,kalshi,norris,0.36725,0.32751,0.049,0.05263,0.375,1.145,True,0.01,55.0,2.0,0
backfill,2025,16,close,kalshi,piastri,0.2835,0.22707,0.0025,0.05263,0.26,1.145,True,0.02,55.0,3.0,0
backfill,2025,16,close,kalshi,leclerc,0.048,0.0393,0.00025,0.05263,0.045,1.145,True,0.01,55.0,4.0,0
backfill,2025,16,close,kalshi,russell,0.01975,0.00873,0.0,0.05263,0.01,1.145,True,,55.0,5.0,0
backfill,2025,16,close,kalshi,hamilton,0.002,0.00873,0.0,0.05263,0.01,1.145,True,,115.0,10.0,0
backfill,2025,16,close,kalshi,albon,0.0,0.00873,0.0,0.05263,0.01,1.145,True,,355.0,14.0,0
backfill,2025,16,close,kalshi,bortoleto,0.00075,0.00873,0.0,0.05263,0.01,1.145,True,,355.0,7.0,0
backfill,2025,16,close,kalshi,antonelli,0.00275,0.00873,0.0,0.05263,0.01,1.145,True,,355.0,6.0,0
backfill,2025,16,close,kalshi,hadjar,0.0,0.00873,0.0,0.05263,0.01,1.145,True,,355.0,19.0,0
backfill,2025,16,close,kalshi,sainz,0.0,0.00873,0.0,0.05263,0.01,1.145,True,,355.0,13.0,0
backfill,2025,16,close,kalshi,bearman,0.0,0.00873,0.0,0.05263,0.01,1.145,True,,355.0,11.0,0
backfill,2025,16,close,kalshi,tsunoda,0.0015,0.00873,0.0,0.05263,0.01,1.145,True,,355.0,9.0,0
backfill,2025,16,close,kalshi,lawson,0.0,0.00873,0.0,0.05263,0.01,1.145,True,,355.0,18.0,0
backfill,2025,16,close,kalshi,ocon,0.0,0.00873,0.0,0.05263,0.01,1.145,True,,355.0,15.0,0
backfill,2025,16,close,kalshi,gasly,0.0,0.00873,0.0,0.05263,0.01,1.145,True,,355.0,20.0,0
backfill,2025,16,close,kalshi,colapinto,0.0,0.00873,0.0,0.05263,0.01,1.145,True,,355.0,17.0,0
backfill,2025,16,close,kalshi,stroll,0.00025,0.00873,0.0,0.05263,0.01,1.145,True,,355.0,16.0,0
backfill,2025,16,close,kalshi,alonso,0.0015,0.00873,0.0,0.05263,0.01,1.145,True,,235.0,8.0,0
backfill,2025,17,close,kalshi,max_verstappen,0.65325,0.58261,0.9405,0.05,0.67,1.15,True,0.02,55.0,1.0,1
backfill,2025,17,close,kalshi,russell,0.055,0.02174,0.0,0.05,0.025,1.15,True,0.03,55.0,5.0,0
backfill,2025,17,close,kalshi,sainz,0.021,0.03043,0.0565,0.05,0.035,1.15,True,0.03,55.0,2.0,0
backfill,2025,17,close,kalshi,antonelli,0.028,0.01304,0.0,0.05,0.015,1.15,True,0.01,55.0,4.0,0
backfill,2025,17,close,kalshi,lawson,0.004,0.0087,0.003,0.05,0.01,1.15,True,,115.0,3.0,0
backfill,2025,17,close,kalshi,tsunoda,0.0105,0.0087,0.0,0.05,0.01,1.15,True,,715.0,6.0,0
backfill,2025,17,close,kalshi,norris,0.13725,0.12174,0.0,0.05,0.14,1.15,True,0.02,55.0,7.0,0
backfill,2025,17,close,kalshi,hamilton,0.0025,0.01739,0.0,0.05,0.02,1.15,True,,235.0,12.0,0
backfill,2025,17,close,kalshi,leclerc,0.013,0.01739,0.0,0.05,0.02,1.15,True,0.02,55.0,10.0,0
backfill,2025,17,close,kalshi,hadjar,0.00075,0.0087,0.0,0.05,0.01,1.15,True,,235.0,8.0,0
backfill,2025,17,close,kalshi,bortoleto,0.0,0.0087,0.0,0.05,0.01,1.15,True,,3295.0,13.0,0
backfill,2025,17,close,kalshi,bearman,0.0,0.0087,0.0,0.05,0.01,1.15,True,,2515.0,15.0,0
backfill,2025,17,close,kalshi,albon,0.0,0.0087,0.0,0.05,0.01,1.15,True,,655.0,19.0,0
backfill,2025,17,close,kalshi,ocon,0.0,0.0087,0.0,0.05,0.01,1.15,True,,3295.0,20.0,0
backfill,2025,17,close,kalshi,alonso,0.001,0.0087,0.0,0.05,0.01,1.15,True,,415.0,11.0,0
backfill,2025,17,close,kalshi,hulkenberg,0.0,0.0087,0.0,0.05,0.01,1.15,True,,3295.0,17.0,0
backfill,2025,17,close,kalshi,stroll,0.0,0.0087,0.0,0.05,0.01,1.15,True,,955.0,14.0,0
backfill,2025,17,close,kalshi,gasly,0.0,0.0087,0.0,0.05,0.01,1.15,True,,3295.0,18.0,0
backfill,2025,17,close,kalshi,colapinto,0.0,0.0087,0.0,0.05,0.01,1.15,True,,3295.0,16.0,0
backfill,2025,17,close,kalshi,piastri,0.07375,0.0913,0.0,0.05,0.105,1.15,True,0.03,55.0,9.0,0
backfill,2025,18,close,kalshi,russell,0.21225,0.30417,0.94025,0.05,0.365,1.2,True,0.01,55.0,1.0,1
backfill,2025,18,close,kalshi,max_verstappen,0.30325,0.37083,0.056,0.05,0.445,1.2,True,0.01,55.0,2.0,0
backfill,2025,18,close,kalshi,norris,0.14225,0.04167,0.0,0.05,0.05,1.2,True,0.02,55.0,5.0,0
backfill,2025,18,close,kalshi,piastri,0.295,0.1375,0.00375,0.05,0.165,1.2,True,0.01,55.0,3.0,0
backfill,2025,18,close,kalshi,antonelli,0.02525,0.0125,0.0,0.05,0.015,1.2,True,0.01,55.0,4.0,0
backfill,2025,18,close,kalshi,leclerc,0.0115,0.00833,0.0,0.05,0.01,1.2,True,,55.0,7.0,0
backfill,2025,18,close,kalshi,alonso,0.00025,0.00833,0.0,0.05,0.01,1.2,True,,175.0,10.0,0
backfill,2025,18,close,kalshi,hamilton,0.008,0.01667,0.0,0.05,0.02,1.2,True,,55.0,6.0,0
backfill,2025,18,close,kalshi,bearman,0.0,0.00833,0.0,0.05,0.01,1.2,True,,235.0,9.0,0
backfill,2025,18,close,kalshi,sainz,0.0,0.00833,0.0,0.05,0.01,1.2,True,,175.0,18.0,0
backfill,2025,18,close,kalshi,hadjar,0.00175,0.00833,0.0,0.05,0.01,1.2,True,,175.0,8.0,0
backfill,2025,18,close,kalshi,tsunoda,0.0005,0.00833,0.0,0.05,0.01,1.2,True,,175.0,13.0,0
backfill,2025,18,close,kalshi,stroll,0.0,0.00833,0.0,0.05,0.01,1.2,True,,175.0,15.0,0
backfill,2025,18,close,kalshi,albon,0.0,0.00833,0.0,0.05,0.01,1.2,True,,175.0,20.0,0
backfill,2025,18,close,kalshi,lawson,0.0,0.00833,0.0,0.05,0.01,1.2,True,,175.0,12.0,0
backfill,2025,18,close,kalshi,colapinto,0.0,0.00833,0.0,0.05,0.01,1.2,True,,175.0,16.0,0
backfill,2025,18,close,kalshi,bortoleto,0.0,0.00833,0.0,0.05,0.01,1.2,True,,115.0,14.0,0
backfill,2025,18,close,kalshi,ocon,0.0,0.00833,0.0,0.05,0.01,1.2,True,,175.0,17.0,0
backfill,2025,18,close,kalshi,gasly,0.0,0.00833,0.0,0.05,0.01,1.2,True,,235.0,19.0,0
backfill,2025,18,close,kalshi,hulkenberg,0.0,0.00833,0.0,0.05,0.01,1.2,True,,175.0,11.0,0
backfill,2025,19,close,kalshi,max_verstappen,0.61,0.52301,0.94175,0.05,0.625,1.195,True,0.01,55.0,1.0,1
backfill,2025,19,close,kalshi,norris,0.16725,0.23849,0.05525,0.05,0.285,1.195,True,0.01,55.0,2.0,0
backfill,2025,19,close,kalshi,leclerc,0.0505,0.03766,0.003,0.05,0.045,1.195,True,0.01,55.0,3.0,0
backfill,2025,19,close,kalshi,hamilton,0.011,0.01255,0.0,0.05,0.015,1.195,True,0.01,55.0,5.0,0
backfill,2025,19,close,kalshi,piastri,0.03875,0.04184,0.0,0.05,0.05,1.195,True,0.02,55.0,6.0,0
backfill,2025,19,close,kalshi,russell,0.1105,0.02929,0.0,0.05,0.035,1.195,True,0.01,55.0,4.0,0
backfill,2025,19,close,kalshi,tsunoda,0.0005,0.00837,0.0,0.05,0.01,1.195,True,,115.0,13.0,0
backfill,2025,19,close,kalshi,hulkenberg,0.0,0.00837,0.0,0.05,0.01,1.195,True,,115.0,11.0,0
backfill,2025,19,close,kalshi,bearman,0.00025,0.00837,0.0,0.05,0.01,1.195,True,,115.0,8.0,0
backfill,2025,19,close,kalshi,alonso,0.0,0.00837,0.0,0.05,0.01,1.195,True,,295.0,10.0,0
backfill,2025,19,close,kalshi,lawson,0.00025,0.00837,0.0,0.05,0.01,1.195,True,,115.0,12.0,0
backfill,2025,19,close,kalshi,stroll,0.0,0.00837,0.0,0.05,0.01,1.195,True,,115.0,19.0,0
backfill,2025,19,close,kalshi,antonelli,0.01025,0.00837,0.0,0.05,0.01,1.195,True,,55.0,7.0,0
backfill,2025,19,close,kalshi,albon,0.0,0.00837,0.0,0.05,0.01,1.195,True,,115.0,18.0,0
backfill,2025,19,close,kalshi,ocon,0.0,0.00837,0.0,0.05,0.01,1.195,True,,115.0,17.0,0
backfill,2025,19,close,kalshi,hadjar,0.0,0.00837,0.0,0.05,0.01,1.195,True,,295.0,20.0,0
backfill,2025,19,close,kalshi,colapinto,0.0,0.00837,0.0,0.05,0.01,1.195,True,,295.0,15.0,0
backfill,2025,19,close,kalshi,bortoleto,0.0,0.00837,0.0,0.05,0.01,1.195,True,,55.0,16.0,0
backfill,2025,19,close,kalshi,gasly,0.0,0.00837,0.0,0.05,0.01,1.195,True,,115.0,14.0,0
backfill,2025,19,close,kalshi,sainz,0.00075,0.00837,0.0,0.05,0.01,1.195,True,,55.0,9.0,0
backfill,2025,20,close,kalshi,norris,0.51425,0.53648,0.94425,0.05,0.625,1.165,True,0.01,55.0,1.0,1
backfill,2025,20,close,kalshi,leclerc,0.10475,0.13305,0.05375,0.05,0.155,1.165,True,0.03,55.0,2.0,0
backfill,2025,20,close,kalshi,max_verstappen,0.1885,0.103,0.0,0.05,0.12,1.165,True,0.02,55.0,5.0,0
backfill,2025,20,close,kalshi,bearman,0.0,0.00858,0.0,0.05,0.01,1.165,True,,3835.0,9.0,0
backfill,2025,20,close,kalshi,piastri,0.048,0.02146,0.0,0.05,0.025,1.165,True,0.01,55.0,7.0,0
backfill,2025,20,close,kalshi,antonelli,0.01325,0.00858,0.0,0.05,0.01,1.165,True,,55.0,6.0,0
backfill,2025,20,close,kalshi,russell,0.09125,0.02146,0.00025,0.05,0.025,1.165,True,0.01,55.0,4.0,0
backfill,2025,20,close,kalshi,hamilton,0.035,0.06438,0.00175,0.05,0.075,1.165,True,0.01,55.0,3.0,0
backfill,2025,20,close,kalshi,ocon,0.0,0.00858,0.0,0.05,0.01,1.165,True,,5995.0,11.0,0
backfill,2025,20,close,kalshi,bortoleto,0.0,0.00858,0.0,0.05,0.01,1.165,True,,3835.0,16.0,0
backfill,2025,20,close,kalshi,tsunoda,0.0035,0.00858,0.0,0.05,0.01,1.165,True,,2815.0,10.0,0
backfill,2025,20,close,kalshi,albon,0.0,0.00858,0.0,0.05,0.01,1.165,True,,355.0,17.0,0
backfill,2025,20,close,kalshi,hadjar,0.001,0.00858,0.0,0.05,0.01,1.165,True,,595.0,8.0,0
backfill,2025,20,close,kalshi,stroll,0.0,0.00858,0.0,0.05,0.01,1.165,True,,3535.0,19.0,0
backfill,2025,20,close,kalshi,gasly,0.0,0.00858,0.0,0.05,0.01,1.165,True,,3835.0,18.0,0
backfill,2025,20,close,kalshi,colapinto,0.0,0.00858,0.0,0.05,0.01,1.165,True,,3835.0,20.0,0
backfill,2025,20,close,kalshi,sainz,0.0005,0.00858,0.0,0.05,0.01,1.165,True,,115.0,12.0,0
backfill,2025,20,close,kalshi,alonso,0.0,0.00858,0.0,0.05,0.01,1.165,True,,55.0,14.0,0
backfill,2025,20,close,kalshi,hulkenberg,0.0,0.00858,0.0,0.05,0.01,1.165,True,,1915.0,13.0,0
backfill,2025,20,close,kalshi,lawson,0.0,0.00858,0.0,0.05,0.01,1.165,True,,3655.0,15.0,0
backfill,2025,21,close,kalshi,norris,0.67325,0.63043,0.94025,0.05,0.725,1.15,True,0.01,55.0,1.0,1
backfill,2025,21,close,kalshi,antonelli,0.07925,0.08261,0.055,0.05,0.095,1.15,True,0.01,55.0,2.0,0
backfill,2025,21,close,kalshi,max_verstappen,0.0,0.03043,0.0,0.05,0.035,1.15,True,0.01,55.0,19.0,0
backfill,2025,21,close,kalshi,russell,0.0345,0.01304,0.0,0.05,0.015,1.15,True,0.01,55.0,6.0,0
backfill,2025,21,close,kalshi,piastri,0.14975,0.0913,0.00025,0.05,0.105,1.15,True,0.01,55.0,4.0,0
backfill,2025,21,close,kalshi,bearman,0.0005,0.0087,0.0,0.05,0.01,1.15,True,,55.0,8.0,0
backfill,2025,21,close,kalshi,lawson,0.0,0.0087,0.0,0.05,0.01,1.15,True,,55.0,7.0,0
backfill,2025,21,close,kalshi,hadjar,0.00025,0.0087,0.0,0.05,0.01,1.15,True,,55.0,5.0,0
backfill,2025,21,close,kalshi,hulkenberg,0.0,0.0087,0.0,0.05,0.01,1.15,True,,55.0,10.0,0
backfill,2025,21,close,kalshi,gasly,0.0,0.0087,0.0,0.05,0.01,1.15,True,,1315.0,9.0,0
backfill,2025,21,close,kalshi,albon,0.0,0.0087,0.0,0.05,0.01,1.15,True,,55.0,12.0,0
backfill,2025,21,close,kalshi,ocon,0.0,0.0087,0.0,0.05,0.01,1.15,True,,1975.0,20.0,0
backfill,2025,21,close,kalshi,sainz,0.0,0.0087,0.0,0.05,0.01,1.15,True,,1975.0,15.0,0
backfill,2025,21,close,kalshi,alonso,0.0,0.0087,0.0,0.05,0.01,1.15,True,,1615.0,11.0,0
backfill,2025,21,close,kalshi,colapinto,0.0,0.0087,0.0,0.05,0.01,1.15,True,,55.0,16.0,0
backfill,2025,21,close,kalshi,stroll,0.0,0.0087,0.0,0.05,0.01,1.15,True,,2995.0,14.0,0
backfill,2025,21,close,kalshi,tsunoda,0.00025,0.0087,0.0,0.05,0.01,1.15,True,,655.0,17.0,0
backfill,2025,21,close,kalshi,hamilton,0.00025,0.0087,0.0,0.05,0.01,1.15,True,,415.0,13.0,0
backfill,2025,21,close,kalshi,leclerc,0.062,0.03043,0.0045,0.05,0.035,1.15,True,0.01,55.0,3.0,0
backfill,2025,21,close,kalshi,bortoleto,0.0,0.0087,0.0,0.05,0.01,1.15,True,,1315.0,18.0,0
backfill,2025,22,close,kalshi,max_verstappen,0.16325,0.35622,0.053,0.05,0.415,1.165,True,0.01,55.0,2.0,1
backfill,2025,22,close,kalshi,russell,0.064,0.06438,0.0005,0.05,0.075,1.165,True,0.01,55.0,4.0,0
backfill,2025,22,close,kalshi,antonelli,0.00025,0.00858,0.0,0.05,0.01,1.165,True,,55.0,17.0,0
backfill,2025,22,close,kalshi,leclerc,0.00425,0.01288,0.0,0.05,0.015,1.165,True,0.01,55.0,9.0,0
backfill,2025,22,close,kalshi,sainz,0.003,0.01717,0.0025,0.05,0.02,1.165,True,,55.0,3.0,0
backfill,2025,22,close,kalshi,hadjar,0.00075,0.00858,0.0,0.05,0.01,1.165,True,,115.0,8.0,0
backfill,2025,22,close,kalshi,hulkenberg,0.00025,0.00858,0.0,0.05,0.01,1.165,True,,55.0,11.0,0
backfill,2025,22,close,kalshi,hamilton,0.0,0.00858,0.0,0.05,0.01,1.165,True,,55.0,19.0,0
backfill,2025,22,close,kalshi,ocon,0.0,0.00858,0.0,0.05,0.01,1.165,True,,115.0,13.0,0
backfill,2025,22,close,kalshi,bearman,0.0,0.00858,0.0,0.05,0.01,1.165,True,,175.0,14.0,0
backfill,2025,22,close,kalshi,alonso,0.0,0.00858,0.0,0.05,0.01,1.165,True,,55.0,7.0,0
backfill,2025,22,close,kalshi,tsunoda,0.0,0.00858,0.0,0.05,0.01,1.165,True,,115.0,20.0,0
backfill,2025,22,close,kalshi,gasly,0.0,0.00858,0.0,0.05,0.01,1.165,True,,55.0,10.0,0
backfill,2025,22,close,kalshi,lawson,0.0015,0.00858,0.0,0.05,0.01,1.165,True,,115.0,6.0,0
backfill,2025,22,close,kalshi,colapinto,0.0,0.00858,0.0,0.05,0.01,1.165,True,,115.0,15.0,0
backfill,2025,22,close,kalshi,albon,0.0,0.00858,0.0,0.05,0.01,1.165,True,,55.0,16.0,0
backfill,2025,22,close,kalshi,bortoleto,0.0,0.00858,0.0,0.05,0.01,1.165,True,,115.0,18.0,0
backfill,2025,22,close,kalshi,stroll,0.0,0.00858,0.0,0.05,0.01,1.165,True,,55.0,12.0,0
backfill,2025,22,close,kalshi,norris,0.67125,0.39914,0.944,0.05,0.465,1.165,True,0.01,55.0,1.0,0
backfill,2025,22,close,kalshi,piastri,0.0915,0.03004,0.0,0.05,0.035,1.165,True,0.01,55.0,5.0,0
backfill,2025,23,close,kalshi,max_verstappen,0.08375,0.11966,0.00225,0.05,0.14,1.17,True,0.02,55.0,3.0,1
backfill,2025,23,close,kalshi,piastri,0.339,0.52137,0.9435,0.05,0.61,1.17,True,0.02,55.0,1.0,0
backfill,2025,23,close,kalshi,sainz,0.002,0.00855,0.0,0.05,0.01,1.17,True,,115.0,7.0,0
backfill,2025,23,close,kalshi,norris,0.39325,0.20085,0.054,0.05,0.235,1.17,True,0.01,55.0,2.0,0
backfill,2025,23,close,kalshi,antonelli,0.03225,0.00855,0.0,0.05,0.01,1.17,True,,55.0,5.0,0
backfill,2025,23,close,kalshi,russell,0.145,0.02137,0.00025,0.05,0.025,1.17,True,0.01,55.0,4.0,0
backfill,2025,23,close,kalshi,alonso,0.0,0.00855,0.0,0.05,0.01,1.17,True,,115.0,8.0,0
backfill,2025,23,close,kalshi,leclerc,0.0025,0.00855,0.0,0.05,0.01,1.17,True,,115.0,10.0,0
backfill,2025,23,close,kalshi,lawson,0.0,0.00855,0.0,0.05,0.01,1.17,True,,115.0,12.0,0
backfill,2025,23,close,kalshi,tsunoda,0.0,0.00855,0.0,0.05,0.01,1.17,True,,115.0,15.0,0
backfill,2025,23,close,kalshi,albon,0.0,0.00855,0.0,0.05,0.01,1.17,True,,115.0,14.0,0
backfill,2025,23,close,kalshi,hamilton,0.0,0.00855,0.0,0.05,0.01,1.17,True,,115.0,17.0,0
backfill,2025,23,close,kalshi,bortoleto,0.0,0.00855,0.0,0.05,0.01,1.17,True,,115.0,19.0,0
backfill,2025,23,close,kalshi,colapinto,0.0,0.00855,0.0,0.05,0.01,1.17,True,,115.0,20.0,0
backfill,2025,23,close,kalshi,ocon,0.0,0.00855,0.0,0.05,0.01,1.17,True,,115.0,16.0,0
backfill,2025,23,close,kalshi,gasly,0.00025,0.00855,0.0,0.05,0.01,1.17,True,,115.0,9.0,0
backfill,2025,23,close,kalshi,stroll,0.0,0.00855,0.0,0.05,0.01,1.17,True,,115.0,18.0,0
backfill,2025,23,close,kalshi,hadjar,0.002,0.00855,0.0,0.05,0.01,1.17,True,,115.0,6.0,0
backfill,2025,23,close,kalshi,bearman,0.0,0.00855,0.0,0.05,0.01,1.17,True,,115.0,13.0,0
backfill,2025,23,close,kalshi,hulkenberg,0.0,0.00855,0.0,0.05,0.01,1.17,True,,115.0,11.0,0
backfill,2025,24,close,kalshi,max_verstappen,0.23675,0.60776,0.9405,0.05,0.705,1.16,True,0.01,55.0,1.0,1
backfill,2025,24,close,kalshi,piastri,0.1865,0.07328,0.00275,0.05,0.085,1.16,True,0.01,55.0,3.0,0
backfill,2025,24,close,kalshi,norris,0.3985,0.1681,0.05675,0.05,0.195,1.16,True,0.01,55.0,2.0,0
backfill,2025,24,close,kalshi,leclerc,0.01925,0.00862,0.0,0.05,0.01,1.16,True,,235.0,5.0,0
backfill,2025,24,close,kalshi,russell,0.1545,0.01293,0.0,0.05,0.015,1.16,True,0.01,55.0,4.0,0
backfill,2025,24,close,kalshi,alonso,0.0015,0.00862,0.0,0.05,0.01,1.16,True,,115.0,6.0,0
backfill,2025,24,close,kalshi,ocon,0.0,0.00862,0.0,0.05,0.01,1.16,True,,295.0,8.0,0
backfill,2025,24,close,kalshi,hamilton,0.00025,0.00862,0.0,0.05,0.01,1.16,True,,55.0,16.0,0
backfill,2025,24,close,kalshi,hulkenberg,0.0,0.00862,0.0,0.05,0.01,1.16,True,,295.0,18.0,0
backfill,2025,24,close,kalshi,stroll,0.0,0.00862,0.0,0.05,0.01,1.16,True,,55.0,15.0,0
backfill,2025,24,close,kalshi,bortoleto,0.0,0.00862,0.0,0.05,0.01,1.16,True,,295.0,7.0,0
backfill,2025,24,close,kalshi,bearman,0.0005,0.00862,0.0,0.05,0.01,1.16,True,,55.0,11.0,0
backfill,2025,24,close,kalshi,sainz,0.00025,0.00862,0.0,0.05,0.01,1.16,True,,55.0,12.0,0
backfill,2025,24,close,kalshi,tsunoda,0.00025,0.00862,0.0,0.05,0.01,1.16,True,,55.0,10.0,0
backfill,2025,24,close,kalshi,antonelli,0.00125,0.00862,0.0,0.05,0.01,1.16,True,,115.0,14.0,0
backfill,2025,24,close,kalshi,albon,0.0,0.00862,0.0,0.05,0.01,1.16,True,,175.0,17.0,0
backfill,2025,24,close,kalshi,hadjar,0.0005,0.00862,0.0,0.05,0.01,1.16,True,,355.0,9.0,0
backfill,2025,24,close,kalshi,lawson,0.0,0.00862,0.0,0.05,0.01,1.16,True,,55.0,13.0,0
backfill,2025,24,close,kalshi,gasly,0.0,0.00862,0.0,0.05,0.01,1.16,True,,295.0,19.0,0
backfill,2025,24,close,kalshi,colapinto,0.0,0.00862,0.0,0.05,0.01,1.16,True,,55.0,20.0,0
backfill,2026,1,close,kalshi,russell,0.59575,0.62389,0.9425,0.05,0.705,1.13,True,0.03,55.0,1.0,1
backfill,2026,1,close,kalshi,antonelli,0.117,0.11947,0.054,0.05,0.135,1.13,True,0.01,55.0,2.0,0
backfill,2026,1,close,kalshi,leclerc,0.0535,0.06195,0.00025,0.05,0.07,1.13,True,0.02,55.0,4.0,0
backfill,2026,1,close,kalshi,hamilton,0.00275,0.0177,0.0,0.05,0.02,1.13,True,0.02,55.0,7.0,0
backfill,2026,1,close,kalshi,norris,0.181,0.0177,0.0,0.05,0.02,1.13,True,0.02,55.0,6.0,0
backfill,2026,1,close,kalshi,max_verstappen,0.00025,0.0177,0.0,0.05,0.02,1.13,True,0.02,55.0,20.0,0
backfill,2026,1,close,kalshi,bearman,0.0,0.00885,0.0,0.05,0.01,1.13,True,,1435.0,12.0,0
backfill,2026,1,close,kalshi,arvid_lindblad,0.001,0.00885,0.0,0.05,0.01,1.13,True,,115.0,9.0,0
backfill,2026,1,close,kalshi,bortoleto,0.0005,0.00885,0.0,0.05,0.01,1.13,True,,115.0,10.0,0
backfill,2026,1,close,kalshi,gasly,0.0,0.00885,0.0,0.05,0.01,1.13,True,,355.0,14.0,0
backfill,2026,1,close,kalshi,ocon,0.0,0.00885,0.0,0.05,0.01,1.13,True,,355.0,13.0,0
backfill,2026,1,close,kalshi,albon,0.0,0.00885,0.0,0.05,0.01,1.13,True,,55.0,15.0,0
backfill,2026,1,close,kalshi,lawson,0.00075,0.00885,0.0,0.05,0.01,1.13,True,,55.0,8.0,0
backfill,2026,1,close,kalshi,colapinto,0.0,0.00885,0.0,0.05,0.01,1.13,True,,55.0,16.0,0
backfill,2026,1,close,kalshi,sainz,0.0,0.00885,0.0,0.05,0.01,1.13,True,,115.0,21.0,0
backfill,2026,1,close,kalshi,perez,0.0,0.00885,0.0,0.05,0.01,1.13,True,,55.0,18.0,0
backfill,2026,1,close,kalshi,stroll,0.0,0.00885,0.0,0.05,0.01,1.13,True,,355.0,22.0,0
backfill,2026,1,close,kalshi,alonso,0.0,0.00885,0.0,0.05,0.01,1.13,True,,55.0,17.0,0
backfill,2026,1,close,kalshi,bottas,0.0,0.00885,0.0,0.05,0.01,1.13,True,,55.0,19.0,0
backfill,2026,1,close,kalshi,hadjar,0.0475,0.02655,0.00325,0.05,0.03,1.13,True,0.02,55.0,3.0,0
backfill,2026,2,close,kalshi,antonelli,0.3205,0.25664,0.93975,0.05556,0.29,1.13,True,0.02,55.0,1.0,1
backfill,2026,2,close,kalshi,russell,0.55175,0.5,0.05675,0.05556,0.565,1.13,True,0.01,55.0,2.0,0
backfill,2026,2,close,kalshi,hamilton,0.03075,0.06637,0.0035,0.05556,0.075,1.13,True,0.01,55.0,3.0,0
backfill,2026,2,close,kalshi,leclerc,0.0715,0.04867,0.0,0.05556,0.055,1.13,True,0.01,55.0,4.0,0
backfill,2026,2,close,kalshi,bearman,0.0005,0.00885,0.0,0.05556,0.01,1.13,True,,115.0,10.0,0
backfill,2026,2,close,kalshi,gasly,0.001,0.00885,0.0,0.05556,0.01,1.13,True,,55.0,7.0,0
backfill,2026,2,close,kalshi,lawson,0.0,0.00885,0.0,0.05556,0.01,1.13,True,,115.0,14.0,0
backfill,2026,2,close,kalshi,hadjar,0.006,0.00885,0.0,0.05556,0.01,1.13,True,,55.0,9.0,0
backfill,2026,2,close,kalshi,sainz,0.0,0.00885,0.0,0.05556,0.01,1.13,True,,55.0,17.0,0
backfill,2026,2,close,kalshi,colapinto,0.0,0.00885,0.0,0.05556,0.01,1.13,True,,115.0,12.0,0
backfill,2026,2,close,kalshi,hulkenberg,0.00025,0.00885,0.0,0.05556,0.01,1.13,True,,115.0,11.0,0
backfill,2026,2,close,kalshi,arvid_lindblad,0.0005,0.00885,0.0,0.05556,0.01,1.13,True,,115.0,15.0,0
backfill,2026,2,close,kalshi,bottas,0.0,0.00885,0.0,0.05556,0.01,1.13,True,,115.0,19.0,0
backfill,2026,2,close,kalshi,ocon,0.0,0.00885,0.0,0.05556,0.01,1.13,True,,115.0,13.0,0
backfill,2026,2,close,kalshi,perez,0.0,0.00885,0.0,0.05556,0.01,1.13,True,,115.0,21.0,0
backfill,2026,2,close,kalshi,max_verstappen,0.01725,0.01327,0.0,0.05556,0.015,1.13,True,0.01,55.0,8.0,0
backfill,2026,2,close,kalshi,alonso,0.0,0.00885,0.0,0.05556,0.01,1.13,True,,115.0,18.0,0
backfill,2026,2,close,kalshi,stroll,0.0,0.00885,0.0,0.05556,0.01,1.13,True,,115.0,20.0,0
backfill,2026,3,close,kalshi,antonelli,0.27925,0.46552,0.93925,0.04545,0.54,1.155,True,0.02,55.0,1.0,1
backfill,2026,3,close,kalshi,piastri,0.17625,0.03448,0.0025,0.04545,0.04,1.155,True,0.02,55.0,3.0,0
backfill,2026,3,close,kalshi,leclerc,0.0535,0.05172,0.00025,0.04545,0.06,1.155,True,0.02,55.0,4.0,0
backfill,2026,3,close,kalshi,russell,0.38425,0.28879,0.058,0.04545,0.335,1.155,True,0.01,55.0,2.0,0
backfill,2026,3,close,kalshi,norris,0.09225,0.00862,0.0,0.04545,0.01,1.155,True,,55.0,5.0,0
backfill,2026,3,close,kalshi,hamilton,0.0095,0.01724,0.0,0.04545,0.02,1.155,True,0.02,55.0,6.0,0
backfill,2026,3,close,kalshi,gasly,0.0005,0.00862,0.0,0.04545,0.01,1.155,True,,55.0,7.0,0
backfill,2026,3,close,kalshi,max_verstappen,0.00075,0.00862,0.0,0.04545,0.01,1.155,True,,55.0,11.0,0
backfill,2026,3,close,kalshi,lawson,0.0,0.00862,0.0,0.04545,0.01,1.155,True,,595.0,14.0,0
backfill,2026,3,close,kalshi,ocon,0.00025,0.00862,0.0,0.04545,0.01,1.155,True,,55.0,12.0,0
backfill,2026,3,close,kalshi,hulkenberg,0.00025,0.00862,0.0,0.04545,0.01,1.155,True,,55.0,13.0,0
backfill,2026,3,close,kalshi,hadjar,0.003,0.00862,0.0,0.04545,0.01,1.155,True,,55.0,8.0,0
backfill,2026,3,close,kalshi,bortoleto,0.0,0.00862,0.0,0.04545,0.01,1.155,True,,55.0,9.0,0
backfill,2026,3,close,kalshi,arvid_lindblad,0.00025,0.00862,0.0,0.04545,0.01,1.155,True,,115.0,10.0,0
backfill,2026,3,close,kalshi,sainz,0.0,0.00862,0.0,0.04545,0.01,1.155,True,,475.0,16.0,0
backfill,2026,3,close,kalshi,colapinto,0.0,0.00862,0.0,0.04545,0.01,1.155,True,,3715.0,15.0,0
backfill,2026,3,close,kalshi,perez,0.0,0.00862,0.0,0.04545,0.01,1.155,True,,55.0,19.0,0
backfill,2026,3,close,kalshi,alonso,0.0,0.00862,0.0,0.04545,0.01,1.155,True,,595.0,21.0,0
backfill,2026,3,close,kalshi,bottas,0.0,0.00431,0.0,0.04545,0.005,1.155,False,,,20.0,0
backfill,2026,3,close,kalshi,albon,0.0,0.00862,0.0,0.04545,0.01,1.155,True,,55.0,17.0,0
backfill,2026,3,close,kalshi,stroll,0.0,0.00862,0.0,0.04545,0.01,1.155,True,,1315.0,22.0,0
backfill,2026,3,close,kalshi,bearman,0.0,0.00862,0.0,0.04545,0.01,1.155,True,,1195.0,18.0,0
backfill,2026,4,close,kalshi,antonelli,0.4335,0.32609,0.94625,0.04545,0.375,1.15,True,0.01,55.0,1.0,1
backfill,2026,4,close,kalshi,norris,0.1255,0.07826,0.0,0.04545,0.09,1.15,True,0.02,55.0,4.0,0
backfill,2026,4,close,kalshi,piastri,0.03225,0.03478,0.0,0.04545,0.04,1.15,True,0.02,55.0,7.0,0
backfill,2026,4,close,kalshi,russell,0.143,0.06087,0.0,0.04545,0.07,1.15,True,0.02,55.0,5.0,0
backfill,2026,4,close,kalshi,max_verstappen,0.08375,0.22174,0.0515,0.04545,0.255,1.15,True,0.01,55.0,2.0,0
backfill,2026,4,close,kalshi,hamilton,0.017,0.02174,0.0,0.04545,0.025,1.15,True,0.01,55.0,6.0,0
backfill,2026,4,close,kalshi,colapinto,0.00025,0.0087,0.0,0.04545,0.01,1.15,True,,55.0,8.0,0
backfill,2026,4,close,kalshi,leclerc,0.164,0.12609,0.00225,0.04545,0.145,1.15,True,0.01,55.0,3.0,0
backfill,2026,4,close,kalshi,sainz,0.0,0.0087,0.0,0.04545,0.01,1.15,True,,55.0,13.0,0
backfill,2026,4,close,kalshi,albon,0.0,0.0087,0.0,0.04545,0.01,1.15,True,,55.0,15.0,0
backfill,2026,4,close,kalshi,bearman,0.00025,0.0087,0.0,0.04545,0.01,1.15,True,,55.0,12.0,0
backfill,2026,4,close,kalshi,bortoleto,0.0,0.0087,0.0,0.04545,0.01,1.15,True,,175.0,21.0,0
backfill,2026,4,close,kalshi,ocon,0.0,0.0087,0.0,0.04545,0.01,1.15,True,,235.0,14.0,0
backfill,2026,4,close,kalshi,arvid_lindblad,0.0,0.0087,0.0,0.04545,0.01,1.15,True,,235.0,16.0,0
backfill,2026,4,close,kalshi,alonso,0.0,0.0087,0.0,0.04545,0.01,1.15,True,,55.0,17.0,0
backfill,2026,4,close,kalshi,perez,0.0,0.0087,0.0,0.04545,0.01,1.15,True,,55.0,20.0,0
backfill,2026,4,close,kalshi,stroll,0.0,0.0087,0.0,0.04545,0.01,1.15,True,,235.0,18.0,0
backfill,2026,4,close,kalshi,bottas,0.0,0.0087,0.0,0.04545,0.01,1.15,True,,55.0,19.0,0
backfill,2026,4,close,kalshi,hulkenberg,0.0,0.0087,0.0,0.04545,0.01,1.15,True,,55.0,10.0,0
backfill,2026,4,close,kalshi,lawson,0.0,0.0087,0.0,0.04545,0.01,1.15,True,,235.0,11.0,0
backfill,2026,4,close,kalshi,gasly,0.0005,0.0087,0.0,0.04545,0.01,1.15,True,,55.0,9.0,0
backfill,2026,4,close,kalshi,hadjar,0.0,0.0087,0.0,0.04545,0.01,1.15,True,,55.0,22.0,0
backfill,2026,5,close,kalshi,antonelli,0.2255,0.27391,0.0495,0.04762,0.315,1.15,True,0.03,55.0,2.0,1
backfill,2026,5,close,kalshi,hamilton,0.00975,0.03913,0.0,0.04762,0.045,1.15,True,0.01,55.0,5.0,0
backfill,2026,5,close,kalshi,max_verstappen,0.01225,0.03043,0.0,0.04762,0.035,1.15,True,0.01,55.0,6.0,0
backfill,2026,5,close,kalshi,leclerc,0.00925,0.01304,0.0,0.04762,0.015,1.15,True,0.01,55.0,8.0,0
backfill,2026,5,close,kalshi,hadjar,0.003,0.0087,0.0,0.04762,0.01,1.15,True,,55.0,7.0,0
backfill,2026,5,close,kalshi,colapinto,0.0,0.0087,0.0,0.04762,0.01,1.15,True,,2995.0,10.0,0
backfill,2026,5,close,kalshi,lawson,0.0,0.0087,0.0,0.04762,0.01,1.15,True,,2995.0,12.0,0
backfill,2026,5,close,kalshi,gasly,0.0,0.0087,0.0,0.04762,0.01,1.15,True,,115.0,14.0,0
backfill,2026,5,close,kalshi,sainz,0.0,0.0087,0.0,0.04762,0.01,1.15,True,,55.0,15.0,0
backfill,2026,5,close,kalshi,bearman,0.0,0.0087,0.0,0.04762,0.01,1.15,True,,55.0,16.0,0
backfill,2026,5,close,kalshi,piastri,0.0825,0.04783,0.0,0.04762,0.055,1.15,True,0.01,55.0,4.0,0
backfill,2026,5,close,kalshi,hulkenberg,0.0,0.0087,0.0,0.04762,0.01,1.15,True,,55.0,11.0,0
backfill,2026,5,close,kalshi,bortoleto,0.0,0.0087,0.0,0.04762,0.01,1.15,True,,55.0,13.0,0
backfill,2026,5,close,kalshi,ocon,0.0,0.0087,0.0,0.04762,0.01,1.15,True,,55.0,17.0,0
backfill,2026,5,close,kalshi,stroll,0.0,0.0087,0.0,0.04762,0.01,1.15,True,,55.0,22.0,0
backfill,2026,5,close,kalshi,bottas,0.0,0.0087,0.0,0.04762,0.01,1.15,True,,55.0,21.0,0
backfill,2026,5,close,kalshi,perez,0.0,0.0087,0.0,0.04762,0.01,1.15,True,,55.0,20.0,0
backfill,2026,5,close,kalshi,norris,0.158,0.1,0.004,0.04762,0.115,1.15,True,0.01,55.0,3.0,0
backfill,2026,5,close,kalshi,russell,0.49975,0.37391,0.9465,0.04762,0.43,1.15,True,0.02,55.0,1.0,0
backfill,2026,5,close,kalshi,alonso,0.0,0.0087,0.0,0.04762,0.01,1.15,True,,175.0,19.0,0
backfill,2026,5,close,kalshi,albon,0.0,0.0087,0.0,0.04762,0.01,1.15,True,,55.0,18.0,0
backfill,2026,6,close,kalshi,antonelli,0.59925,0.51271,0.941,0.04545,0.605,1.18,True,0.01,55.0,1.0,1
backfill,2026,6,close,kalshi,hamilton,0.06375,0.08051,0.0025,0.04545,0.095,1.18,True,0.01,55.0,3.0,0
backfill,2026,6,close,kalshi,hadjar,0.01375,0.00847,0.0,0.04545,0.01,1.18,True,,55.0,5.0,0
backfill,2026,6,close,kalshi,piastri,0.032,0.00847,0.0,0.04545,0.01,1.18,True,,55.0,7.0,0
backfill,2026,6,close,kalshi,lawson,0.00025,0.00847,0.0,0.04545,0.01,1.18,True,,1375.0,10.0,0
backfill,2026,6,close,kalshi,arvid_lindblad,0.0,0.00847,0.0,0.04545,0.01,1.18,True,,355.0,15.0,0
backfill,2026,6,close,kalshi,gasly,0.001,0.00847,0.0,0.04545,0.01,1.18,True,,115.0,9.0,0
backfill,2026,6,close,kalshi,albon,0.0,0.00847,0.0,0.04545,0.01,1.18,True,,55.0,11.0,0
backfill,2026,6,close,kalshi,ocon,0.0,0.00847,0.0,0.04545,0.01,1.18,True,,355.0,17.0,0
backfill,2026,6,close,kalshi,alonso,0.0,0.00847,0.0,0.04545,0.01,1.18,True,,355.0,21.0,0
backfill,2026,6,close,kalshi,bortoleto,0.0,0.00847,0.0,0.04545,0.01,1.18,True,,355.0,16.0,0
backfill,2026,6,close,kalshi,russell,0.09625,0.00847,0.0,0.04545,0.01,1.18,True,,55.0,6.0,0
backfill,2026,6,close,kalshi,hulkenberg,0.00025,0.00847,0.0,0.04545,0.01,1.18,True,,355.0,13.0,0
backfill,2026,6,close,kalshi,colapinto,0.0,0.00847,0.0,0.04545,0.01,1.18,True,,355.0,14.0,0
backfill,2026,6,close,kalshi,perez,0.0,0.00847,0.0,0.04545,0.01,1.18,True,,355.0,18.0,0
backfill,2026,6,close,kalshi,sainz,0.0,0.00847,0.0,0.04545,0.01,1.18,True,,295.0,12.0,0
backfill,2026,6,close,kalshi,leclerc,0.065,0.03814,0.0005,0.04545,0.045,1.18,True,0.01,55.0,4.0,0
backfill,2026,6,close,kalshi,stroll,0.0,0.00847,0.0,0.04545,0.01,1.18,True,,355.0,22.0,0
backfill,2026,6,close,kalshi,norris,0.02925,0.00847,0.0,0.04545,0.01,1.18,True,,55.0,8.0,0
backfill,2026,6,close,kalshi,bearman,0.0,0.00847,0.0,0.04545,0.01,1.18,True,,355.0,19.0,0
backfill,2026,6,close,kalshi,bottas,0.0,0.00847,0.0,0.04545,0.01,1.18,True,,355.0,20.0,0
backfill,2026,6,close,kalshi,max_verstappen,0.09925,0.2161,0.056,0.04545,0.255,1.18,True,0.01,55.0,2.0,0
backfill,2026,7,close,kalshi,hamilton,0.119,0.13191,0.06975,0.04545,0.155,1.175,True,0.01,55.0,2.0,1
backfill,2026,7,close,kalshi,russell,0.57225,0.45957,0.92675,0.04545,0.54,1.175,True,0.02,55.0,1.0,0
backfill,2026,7,close,kalshi,norris,0.0625,0.02979,0.0005,0.04545,0.035,1.175,True,0.01,55.0,4.0,0
backfill,2026,7,close,kalshi,max_verstappen,0.0175,0.03404,0.0,0.04545,0.04,1.175,True,0.02,55.0,5.0,0
backfill,2026,7,close,kalshi,piastri,0.014,0.01277,0.0,0.04545,0.015,1.175,True,0.01,55.0,7.0,0
backfill,2026,7,close,kalshi,hadjar,0.00675,0.00851,0.0,0.04545,0.01,1.175,True,,55.0,6.0,0
backfill,2026,7,close,kalshi,gasly,0.0,0.00851,0.0,0.04545,0.01,1.175,True,,715.0,14.0,0
backfill,2026,7,close,kalshi,lawson,0.001,0.00851,0.0,0.04545,0.01,1.175,True,,475.0,8.0,0
backfill,2026,7,close,kalshi,arvid_lindblad,0.0,0.00851,0.0,0.04545,0.01,1.175,True,,1375.0,11.0,0
backfill,2026,7,close,kalshi,colapinto,0.0,0.00851,0.0,0.04545,0.01,1.175,True,,955.0,13.0,0
backfill,2026,7,close,kalshi,bortoleto,0.0,0.00851,0.0,0.04545,0.01,1.175,True,,1255.0,12.0,0
backfill,2026,7,close,kalshi,sainz,0.0,0.00851,0.0,0.04545,0.01,1.175,True,,2695.0,16.0,0
backfill,2026,7,close,kalshi,ocon,0.0,0.00851,0.0,0.04545,0.01,1.175,True,,1135.0,17.0,0
backfill,2026,7,close,kalshi,perez,0.0,0.00851,0.0,0.04545,0.01,1.175,True,,1855.0,19.0,0
backfill,2026,7,close,kalshi,leclerc,0.003,0.00851,0.0,0.04545,0.01,1.175,True,,55.0,10.0,0
backfill,2026,7,close,kalshi,antonelli,0.204,0.19574,0.003,0.04545,0.23,1.175,True,0.02,55.0,3.0,0
backfill,2026,7,close,kalshi,bearman,0.0,0.00851,0.0,0.04545,0.01,1.175,True,,3355.0,15.0,0
backfill,2026,7,close,kalshi,albon,0.0,0.00851,0.0,0.04545,0.01,1.175,True,,1375.0,18.0,0
backfill,2026,7,close,kalshi,alonso,0.0,0.00851,0.0,0.04545,0.01,1.175,True,,715.0,22.0,0
backfill,2026,7,close,kalshi,hulkenberg,0.0,0.00851,0.0,0.04545,0.01,1.175,True,,835.0,9.0,0
backfill,2026,7,close,kalshi,bottas,0.0,0.00851,0.0,0.04545,0.01,1.175,True,,8395.0,20.0,0
backfill,2026,7,close,kalshi,stroll,0.0,0.00851,0.0,0.04545,0.01,1.175,True,,2515.0,21.0,0
backfill,2026,8,close,kalshi,russell,0.56,0.33058,0.92425,0.04545,0.4,1.21,True,0.02,55.0,1.0,1
backfill,2026,8,close,kalshi,max_verstappen,0.02175,0.05372,0.00025,0.04545,0.065,1.21,True,0.01,55.0,5.0,0
backfill,2026,8,close,kalshi,antonelli,0.12425,0.22727,0.00025,0.04545,0.275,1.21,True,0.01,55.0,4.0,0
backfill,2026,8,close,kalshi,piastri,0.014,0.00826,0.0,0.04545,0.01,1.21,True,,55.0,7.0,0
backfill,2026,8,close,kalshi,hamilton,0.08475,0.1157,0.00525,0.04545,0.14,1.21,True,0.02,55.0,3.0,0
backfill,2026,8,close,kalshi,hadjar,0.0025,0.00826,0.0,0.04545,0.01,1.21,True,,55.0,8.0,0
backfill,2026,8,close,kalshi,norris,0.02375,0.0124,0.0,0.04545,0.015,1.21,True,0.01,55.0,6.0,0
backfill,2026,8,close,kalshi,leclerc,0.1675,0.1281,0.07,0.04545,0.155,1.21,True,0.01,55.0,2.0,0
backfill,2026,8,close,kalshi,lawson,0.0005,0.00826,0.0,0.04545,0.01,1.21,True,,475.0,9.0,0
backfill,2026,8,close,kalshi,arvid_lindblad,0.00025,0.00826,0.0,0.04545,0.01,1.21,True,,475.0,10.0,0
backfill,2026,8,close,kalshi,bortoleto,0.0,0.00826,0.0,0.04545,0.01,1.21,True,,475.0,12.0,0
backfill,2026,8,close,kalshi,hulkenberg,0.0,0.00826,0.0,0.04545,0.01,1.21,True,,475.0,14.0,0
backfill,2026,8,close,kalshi,gasly,0.0005,0.00826,0.0,0.04545,0.01,1.21,True,,55.0,11.0,0
backfill,2026,8,close,kalshi,bearman,0.00025,0.00826,0.0,0.04545,0.01,1.21,True,,475.0,13.0,0
backfill,2026,8,close,kalshi,colapinto,0.0,0.00826,0.0,0.04545,0.01,1.21,True,,475.0,16.0,0
backfill,2026,8,close,kalshi,ocon,0.0,0.00826,0.0,0.04545,0.01,1.21,True,,475.0,15.0,0
backfill,2026,8,close,kalshi,albon,0.0,0.00826,0.0,0.04545,0.01,1.21,True,,475.0,18.0,0
backfill,2026,8,close,kalshi,alonso,0.0,0.00826,0.0,0.04545,0.01,1.21,True,,475.0,21.0,0
backfill,2026,8,close,kalshi,stroll,0.0,0.00826,0.0,0.04545,0.01,1.21,True,,475.0,22.0,0
backfill,2026,8,close,kalshi,sainz,0.0,0.00826,0.0,0.04545,0.01,1.21,True,,55.0,17.0,0
backfill,2026,8,close,kalshi,perez,0.0,0.00826,0.0,0.04545,0.01,1.21,True,,475.0,19.0,0
backfill,2026,8,close,kalshi,bottas,0.0,0.00826,0.0,0.04545,0.01,1.21,True,,355.0,20.0,0
backfill,2026,9,close,kalshi,leclerc,0.18075,0.07018,0.056,0.04545,0.08,1.14,True,0.02,55.0,2.0,1
backfill,2026,9,close,kalshi,russell,0.1555,0.06579,0.0005,0.04545,0.075,1.14,True,0.01,55.0,4.0,0
backfill,2026,9,close,kalshi,hamilton,0.1005,0.12719,0.00375,0.04545,0.145,1.14,True,0.01,55.0,3.0,0
backfill,2026,9,close,kalshi,norris,0.01625,0.01316,0.0,0.04545,0.015,1.14,True,0.01,55.0,6.0,0
backfill,2026,9,close,kalshi,hadjar,0.0135,0.00877,0.0,0.04545,0.01,1.14,True,,55.0,5.0,0
backfill,2026,9,close,kalshi,lawson,0.00025,0.00877,0.0,0.04545,0.01,1.14,True,,55.0,10.0,0
backfill,2026,9,close,kalshi,arvid_lindblad,0.0005,0.00877,0.0,0.04545,0.01,1.14,True,,55.0,9.0,0
backfill,2026,9,close,kalshi,bortoleto,0.0,0.00877,0.0,0.04545,0.01,1.14,True,,895.0,11.0,0
backfill,2026,9,close,kalshi,colapinto,0.0,0.00877,0.0,0.04545,0.01,1.14,True,,895.0,19.0,0
backfill,2026,9,close,kalshi,gasly,0.0,0.00877,0.0,0.04545,0.01,1.14,True,,55.0,15.0,0
backfill,2026,9,close,kalshi,piastri,0.00275,0.00877,0.0,0.04545,0.01,1.14,True,,55.0,8.0,0
backfill,2026,9,close,kalshi,bearman,0.0,0.00877,0.0,0.04545,0.01,1.14,True,,55.0,13.0,0
backfill,2026,9,close,kalshi,ocon,0.0,0.00877,0.0,0.04545,0.01,1.14,True,,895.0,17.0,0
backfill,2026,9,close,kalshi,perez,0.0,0.00877,0.0,0.04545,0.01,1.14,True,,55.0,20.0,0
backfill,2026,9,close,kalshi,antonelli,0.51825,0.56579,0.93975,0.04545,0.645,1.14,True,0.01,55.0,1.0,0
backfill,2026,9,close,kalshi,bottas,0.0,0.00877,0.0,0.04545,0.01,1.14,True,,55.0,18.0,0
backfill,2026,9,close,kalshi,sainz,0.0,0.00877,0.0,0.04545,0.01,1.14,True,,55.0,14.0,0
backfill,2026,9,close,kalshi,alonso,0.0,0.00877,0.0,0.04545,0.01,1.14,True,,835.0,21.0,0
backfill,2026,9,close,kalshi,stroll,0.0,0.00877,0.0,0.04545,0.01,1.14,True,,55.0,22.0,0
backfill,2026,9,close,kalshi,max_verstappen,0.01175,0.01754,0.0,0.04545,0.02,1.14,True,0.02,55.0,7.0,0
backfill,2026,9,close,kalshi,albon,0.0,0.00877,0.0,0.04545,0.01,1.14,True,,895.0,16.0,0
backfill,2026,9,close,kalshi,hulkenberg,0.0,0.00877,0.0,0.04545,0.01,1.14,True,,55.0,12.0,0
backfill,2026,10,close,kalshi,antonelli,0.5475,0.55274,0.94,0.04545,0.655,1.185,True,0.01,55.0,1.0,1
backfill,2026,10,close,kalshi,leclerc,0.072,0.02954,0.00025,0.04545,0.035,1.185,True,0.01,55.0,4.0,0
backfill,2026,10,close,kalshi,max_verstappen,0.07625,0.16878,0.05625,0.04545,0.2,1.185,True,0.02,55.0,2.0,0
backfill,2026,10,close,kalshi,hamilton,0.04775,0.02954,0.00025,0.04545,0.035,1.185,True,0.01,55.0,5.0,0
backfill,2026,10,close,kalshi,piastri,0.01475,0.00844,0.0,0.04545,0.01,1.185,True,,115.0,6.0,0
backfill,2026,10,close,kalshi,hadjar,0.0,0.00844,0.0,0.04545,0.01,1.185,True,,295.0,21.0,0
backfill,2026,10,close,kalshi,norris,0.00025,0.01266,0.0,0.04545,0.015,1.185,True,0.01,55.0,13.0,0
backfill,2026,10,close,kalshi,bortoleto,0.00025,0.00844,0.0,0.04545,0.01,1.185,True,,295.0,8.0,0
backfill,2026,10,close,kalshi,arvid_lindblad,0.0025,0.00844,0.0,0.04545,0.01,1.185,True,,295.0,7.0,0
backfill,2026,10,close,kalshi,colapinto,0.0,0.00844,0.0,0.04545,0.01,1.185,True,,295.0,11.0,0
backfill,2026,10,close,kalshi,gasly,0.0005,0.00844,0.0,0.04545,0.01,1.185,True,,295.0,10.0,0
backfill,2026,10,close,kalshi,lawson,0.0005,0.00844,0.0,0.04545,0.01,1.185,True,,295.0,9.0,0
backfill,2026,10,close,kalshi,hulkenberg,0.0,0.00844,0.0,0.04545,0.01,1.185,True,,295.0,12.0,0
backfill,2026,10,close,kalshi,bearman,0.0,0.00844,0.0,0.04545,0.01,1.185,True,,295.0,14.0,0
backfill,2026,10,close,kalshi,albon,0.0,0.00844,0.0,0.04545,0.01,1.185,True,,295.0,15.0,0
backfill,2026,10,close,kalshi,sainz,0.0,0.00844,0.0,0.04545,0.01,1.185,True,,295.0,19.0,0
backfill,2026,10,close,kalshi,ocon,0.0,0.00844,0.0,0.04545,0.01,1.185,True,,295.0,16.0,0
backfill,2026,10,close,kalshi,bottas,0.0,0.00844,0.0,0.04545,0.01,1.185,True,,295.0,17.0,0
backfill,2026,10,close,kalshi,alonso,0.0,0.00844,0.0,0.04545,0.01,1.185,True,,295.0,22.0,0
backfill,2026,10,close,kalshi,stroll,0.0,0.00844,0.0,0.04545,0.01,1.185,True,,295.0,20.0,0
backfill,2026,10,close,kalshi,perez,0.0,0.00844,0.0,0.04545,0.01,1.185,True,,295.0,18.0,0
backfill,2026,10,close,kalshi,russell,0.23775,0.07173,0.00325,0.04545,0.085,1.185,True,0.01,55.0,3.0,0
backfill,2026,11,close,kalshi,norris,0.191,0.30736,0.93425,0.04545,0.355,1.155,True,0.01,55.0,1.0,1
backfill,2026,11,close,kalshi,max_verstappen,0.0805,0.02165,0.00075,0.04545,0.025,1.155,True,0.01,55.0,4.0,0
backfill,2026,11,close,kalshi,antonelli,0.03525,0.09957,0.0,0.04545,0.115,1.155,True,0.01,55.0,7.0,0
backfill,2026,11,close,kalshi,leclerc,0.4425,0.22944,0.0585,0.04545,0.265,1.155,True,0.01,55.0,2.0,0
backfill,2026,11,close,kalshi,hamilton,0.08975,0.16017,0.0,0.04545,0.185,1.155,True,0.01,55.0,5.0,0
backfill,2026,11,close,kalshi,hadjar,0.004,0.00866,0.0,0.04545,0.01,1.155,True,,55.0,8.0,0
backfill,2026,11,close,kalshi,russell,0.07475,0.01299,0.0,0.04545,0.015,1.155,True,0.01,55.0,6.0,0
backfill,2026,11,close,kalshi,lawson,0.0005,0.00866,0.0,0.04545,0.01,1.155,True,,235.0,11.0,0
backfill,2026,11,close,kalshi,hulkenberg,0.0005,0.00866,0.0,0.04545,0.01,1.155,True,,715.0,10.0,0
backfill,2026,11,close,kalshi,arvid_lindblad,0.00175,0.00866,0.0,0.04545,0.01,1.155,True,,235.0,9.0,0
backfill,2026,11,close,kalshi,bortoleto,0.0,0.00866,0.0,0.04545,0.01,1.155,True,,235.0,14.0,0
backfill,2026,11,close,kalshi,gasly,0.0,0.00866,0.0,0.04545,0.01,1.155,True,,955.0,12.0,0
backfill,2026,11,close,kalshi,stroll,0.0,0.00866,0.0,0.04545,0.01,1.155,True,,1015.0,20.0,0
backfill,2026,11,close,kalshi,alonso,0.0,0.00866,0.0,0.04545,0.01,1.155,True,,475.0,16.0,0
backfill,2026,11,close,kalshi,colapinto,0.0,0.00866,0.0,0.04545,0.01,1.155,True,,715.0,13.0,0
backfill,2026,11,close,kalshi,ocon,0.0,0.00866,0.0,0.04545,0.01,1.155,True,,415.0,15.0,0
backfill,2026,11,close,kalshi,albon,0.0,0.00866,0.0,0.04545,0.01,1.155,True,,55.0,19.0,0
backfill,2026,11,close,kalshi,sainz,0.0,0.00866,0.0,0.04545,0.01,1.155,True,,55.0,18.0,0
backfill,2026,11,close,kalshi,bearman,0.0,0.00866,0.0,0.04545,0.01,1.155,True,,235.0,17.0,0
backfill,2026,11,close,kalshi,piastri,0.0795,0.03896,0.0065,0.04545,0.045,1.155,True,0.01,55.0,3.0,0
backfill,2026,11,close,kalshi,perez,0.0,0.00866,0.0,0.04545,0.01,1.155,True,,355.0,22.0,0
backfill,2026,11,close,kalshi,bottas,0.0,0.00866,0.0,0.04545,0.01,1.155,True,,235.0,21.0,0
backfill,2026,12,close,kalshi,norris,0.2755,0.31197,0.94325,0.04545,0.365,1.155,True,0.01,55.0,1.0,1
backfill,2026,12,close,kalshi,antonelli,0.18225,0.2094,0.00425,0.04545,0.245,1.155,True,0.01,55.0,3.0,0
backfill,2026,12,close,kalshi,russell,0.32325,0.2265,0.0525,0.04545,0.265,1.155,True,0.01,55.0,2.0,0
backfill,2026,12,close,kalshi,hamilton,0.078,0.04274,0.0,0.04545,0.05,1.155,True,0.02,55.0,5.0,0
backfill,2026,12,close,kalshi,leclerc,0.0595,0.03419,0.0,0.04545,0.04,1.155,True,0.02,55.0,6.0,0
backfill,2026,12,close,kalshi,piastri,0.065,0.03846,0.0,0.04545,0.045,1.155,True,0.01,55.0,4.0,0
backfill,2026,12,close,kalshi,lawson,0.0035,0.00855,0.0,0.04545,0.01,1.155,True,,175.0,8.0,0
backfill,2026,12,close,kalshi,hulkenberg,0.0,0.00855,0.0,0.04545,0.01,1.155,True,,2095.0,13.0,0
backfill,2026,12,close,kalshi,alonso,0.0,0.00855,0.0,0.04545,0.01,1.155,True,,115.0,18.0,0
backfill,2026,12,close,kalshi,gasly,0.00025,0.00855,0.0,0.04545,0.01,1.155,True,,655.0,11.0,0
backfill,2026,12,close,kalshi,tsunoda,0.0,0.00427,0.0,0.04545,0.005,1.155,False,,,12.0,0
backfill,2026,12,close,kalshi,arvid_lindblad,0.00075,0.00427,0.0,0.04545,0.005,1.155,False,,,10.0,0
backfill,2026,12,close,kalshi,bortoleto,0.0005,0.00855,0.0,0.04545,0.01,1.155,True,,1075.0,9.0,0
backfill,2026,12,close,kalshi,colapinto,0.0,0.00855,0.0,0.04545,0.01,1.155,True,,115.0,14.0,0
backfill,2026,12,close,kalshi,perez,0.0,0.00855,0.0,0.04545,0.01,1.155,True,,235.0,22.0,0
backfill,2026,12,close,kalshi,sainz,0.0,0.00855,0.0,0.04545,0.01,1.155,True,,55.0,17.0,0
backfill,2026,12,close,kalshi,albon,0.0,0.00855,0.0,0.04545,0.01,1.155,True,,655.0,16.0,0
backfill,2026,12,close,kalshi,bottas,0.0,0.00427,0.0,0.04545,0.005,1.155,False,,,21.0,0
backfill,2026,12,close,kalshi,ocon,0.0,0.00855,0.0,0.04545,0.01,1.155,True,,655.0,15.0,0
backfill,2026,12,close,kalshi,stroll,0.0,0.00855,0.0,0.04545,0.01,1.155,True,,17995.0,19.0,0
backfill,2026,12,close,kalshi,bearman,0.0,0.00855,0.0,0.04545,0.01,1.155,True,,2035.0,20.0,0
backfill,2026,12,close,kalshi,max_verstappen,0.0115,0.02137,0.0,0.04545,0.025,1.155,True,0.01,55.0,7.0,0
backfill,2026,13,close,kalshi,antonelli,0.00025,0.03846,0.0,0.04545,0.045,1.165,True,0.01,55.0,19.0,1
backfill,2026,13,close,kalshi,russell,0.43125,0.4359,0.05475,0.04545,0.51,1.165,True,0.02,55.0,2.0,0
backfill,2026,13,close,kalshi,max_verstappen,0.03675,0.04701,0.0,0.04545,0.055,1.165,True,0.01,55.0,5.0,0
backfill,2026,13,close,kalshi,norris,0.014,0.02991,0.0,0.04545,0.035,1.165,True,0.01,55.0,8.0,0
backfill,2026,13,close,kalshi,piastri,0.03375,0.03846,0.0,0.04545,0.045,1.165,True,0.01,55.0,6.0,0
backfill,2026,13,close,kalshi,hamilton,0.1575,0.10256,0.00025,0.04545,0.12,1.165,True,0.02,55.0,4.0,0
backfill,2026,13,close,kalshi,gasly,0.022,0.05128,0.94075,0.04545,0.06,1.165,True,0.02,55.0,1.0,0
backfill,2026,13,close,kalshi,arvid_lindblad,0.0015,0.00855,0.0,0.04545,0.01,1.165,True,,1195.0,9.0,0
backfill,2026,13,close,kalshi,colapinto,0.0005,0.00855,0.0,0.04545,0.01,1.165,True,,475.0,7.0,0
backfill,2026,13,close,kalshi,tsunoda,0.0,0.00427,0.0,0.04545,0.005,1.165,False,,,15.0,0
backfill,2026,13,close,kalshi,bortoleto,0.0005,0.00855,0.0,0.04545,0.01,1.165,True,,655.0,10.0,0
backfill,2026,13,close,kalshi,hulkenberg,0.00025,0.00855,0.0,0.04545,0.01,1.165,True,,115.0,12.0,0
backfill,2026,13,close,kalshi,sainz,0.0,0.00855,0.0,0.04545,0.01,1.165,True,,1915.0,13.0,0
backfill,2026,13,close,kalshi,lawson,0.0,0.00855,0.0,0.04545,0.01,1.165,True,,655.0,22.0,0
backfill,2026,13,close,kalshi,bearman,0.0,0.00855,0.0,0.04545,0.01,1.165,True,,1915.0,11.0,0
backfill,2026,13,close,kalshi,ocon,0.0,0.00855,0.0,0.04545,0.01,1.165,True,,1075.0,14.0,0
backfill,2026,13,close,kalshi,albon,0.0,0.00855,0.0,0.04545,0.01,1.165,True,,115.0,20.0,0
backfill,2026,13,close,kalshi,perez,0.0,0.00855,0.0,0.04545,0.01,1.165,True,,655.0,17.0,0
backfill,2026,13,close,kalshi,bottas,0.0,0.00855,0.0,0.04545,0.01,1.165,True,,655.0,16.0,0
backfill,2026,13,close,kalshi,stroll,0.0,0.00855,0.0,0.04545,0.01,1.165,True,,11455.0,18.0,0
backfill,2026,13,close,kalshi,alonso,0.0,0.00855,0.0,0.04545,0.01,1.165,True,,655.0,21.0,0
backfill,2026,13,close,kalshi,leclerc,0.30175,0.14103,0.00425,0.04545,0.165,1.165,True,0.01,55.0,3.0,0
backfill,2026,14,close,kalshi,antonelli,0.2645,0.33617,0.0585,0.04545,0.395,1.165,True,0.01,55.0,2.0,1
backfill,2026,14,close,kalshi,max_verstappen,0.09025,0.11915,0.00575,0.04545,0.14,1.165,True,0.02,55.0,3.0,0
backfill,2026,14,close,kalshi,norris,0.36075,0.30213,0.93525,0.04545,0.355,1.165,True,0.01,55.0,1.0,0
backfill,2026,14,close,kalshi,leclerc,0.064,0.02128,0.0,0.04545,0.025,1.165,True,0.01,55.0,5.0,0
backfill,2026,14,close,kalshi,russell,0.09725,0.02979,0.0,0.04545,0.035,1.165,True,0.01,55.0,6.0,0
backfill,2026,14,close,kalshi,lawson,0.0035,0.00851,0.0,0.04545,0.01,1.165,True,,55.0,8.0,0
backfill,2026,14,close,kalshi,colapinto,0.00075,0.00851,0.0,0.04545,0.01,1.165,True,,55.0,9.0,0
backfill,2026,14,close,kalshi,piastri,0.031,0.01277,0.0,0.04545,0.015,1.165,True,0.01,55.0,7.0,0
backfill,2026,14,close,kalshi,arvid_lindblad,0.00125,0.00851,0.0,0.04545,0.01,1.165,True,,55.0,10.0,0
backfill,2026,14,close,kalshi,hulkenberg,0.00025,0.00851,0.0,0.04545,0.01,1.165,True,,55.0,11.0,0
backfill,2026,14,close,kalshi,ocon,0.0,0.00851,0.0,0.04545,0.01,1.165,True,,55.0,13.0,0
backfill,2026,14,close,kalshi,gasly,0.00025,0.00851,0.0,0.04545,0.01,1.165,True,,55.0,14.0,0
backfill,2026,14,close,kalshi,bortoleto,0.00075,0.00851,0.0,0.04545,0.01,1.165,True,,55.0,12.0,0
backfill,2026,14,close,kalshi,tsunoda,0.00025,0.00426,0.0,0.04545,0.005,1.165,False,,,15.0,0
backfill,2026,14,close,kalshi,albon,0.0,0.00851,0.0,0.04545,0.01,1.165,True,,55.0,16.0,0
backfill,2026,14,close,kalshi,bearman,0.0,0.00426,0.0,0.04545,0.005,1.165,False,,,22.0,0
backfill,2026,14,close,kalshi,alonso,0.0,0.00851,0.0,0.04545,0.01,1.165,True,,55.0,17.0,0
backfill,2026,14,close,kalshi,bottas,0.0,0.00851,0.0,0.04545,0.01,1.165,True,,55.0,19.0,0
backfill,2026,14,close,kalshi,sainz,0.0,0.00851,0.0,0.04545,0.01,1.165,True,,55.0,20.0,0
backfill,2026,14,close,kalshi,perez,0.0,0.00851,0.0,0.04545,0.01,1.165,True,,55.0,18.0,0
backfill,2026,14,close,kalshi,stroll,0.0,0.00851,0.0,0.04545,0.01,1.165,True,,1435.0,21.0,0
backfill,2026,14,close,kalshi,hamilton,0.08525,0.05957,0.0005,0.04545,0.07,1.165,True,0.02,55.0,4.0,0
backfill,2026,15,close,kalshi,russell,0.565,0.54852,0.937,0.04545,0.65,1.175,True,0.02,55.0,1.0,1
backfill,2026,15,close,kalshi,max_verstappen,0.01925,0.04641,0.0,0.04545,0.055,1.175,True,0.01,55.0,8.0,0
backfill,2026,15,close,kalshi,hadjar,0.0275,0.01266,0.0,0.04545,0.015,1.175,True,0.01,55.0,4.0,0
backfill,2026,15,close,kalshi,leclerc,0.1335,0.06751,0.05875,0.04545,0.08,1.175,True,0.02,55.0,2.0,0
backfill,2026,15,close,kalshi,antonelli,0.00025,0.12658,0.0,0.04545,0.15,1.175,True,0.02,55.0,16.0,0
backfill,2026,15,close,kalshi,hamilton,0.029,0.0211,0.0,0.04545,0.025,1.175,True,0.01,55.0,6.0,0
backfill,2026,15,close,kalshi,arvid_lindblad,0.0,0.00844,0.0,0.04545,0.01,1.175,True,,1315.0,15.0,0
backfill,2026,15,close,kalshi,ocon,0.0,0.00422,0.0,0.04545,0.005,1.175,False,,,13.0,0
backfill,2026,15,close,kalshi,bearman,0.0,0.00844,0.0,0.04545,0.01,1.175,True,,1195.0,10.0,0
backfill,2026,15,close,kalshi,sainz,0.0,0.00844,0.0,0.04545,0.01,1.175,True,,235.0,14.0,0
backfill,2026,15,close,kalshi,hulkenberg,0.0,0.00844,0.0,0.04545,0.01,1.175,True,,1195.0,18.0,0
backfill,2026,15,close,kalshi,lawson,0.0,0.00422,0.0,0.04545,0.005,1.175,False,,,11.0,0
backfill,2026,15,close,kalshi,piastri,0.14225,0.03797,0.00425,0.04545,0.045,1.175,True,0.01,55.0,3.0,0
backfill,2026,15,close,kalshi,perez,0.0,0.00844,0.0,0.04545,0.01,1.175,True,,355.0,20.0,0
backfill,2026,15,close,kalshi,bortoleto,0.0,0.00844,0.0,0.04545,0.01,1.175,True,,4795.0,17.0,0
backfill,2026,15,close,kalshi,bottas,0.0,0.00844,0.0,0.04545,0.01,1.175,True,,4915.0,19.0,0
backfill,2026,15,close,kalshi,colapinto,0.00125,0.00844,0.0,0.04545,0.01,1.175,True,,475.0,9.0,0
backfill,2026,15,close,kalshi,gasly,0.0055,0.00844,0.0,0.04545,0.01,1.175,True,,535.0,7.0,0
backfill,2026,15,close,kalshi,norris,0.0765,0.02954,0.0,0.04545,0.035,1.175,True,0.01,55.0,5.0,0
backfill,2026,15,close,kalshi,albon,0.0,0.00844,0.0,0.04545,0.01,1.175,True,,955.0,12.0,0
backfill,2026,15,close,kalshi,alonso,0.0,0.00844,0.0,0.04545,0.01,1.175,True,,4915.0,21.0,0
backfill,2026,15,close,kalshi,stroll,0.0,0.00844,0.0,0.04545,0.01,1.175,True,,11215.0,22.0,0
